2025-10-25 10:54:38,439 - mainapp - INFO - User todavids is in Exclude list
2025-10-25 10:54:38,439 - mainapp - INFO - User todavids is in Exclude list
2025-10-25 10:54:38,439 - mainapp - INFO - User todavids is in Exclude list
2025-10-25 10:54:38,439 - mainapp - INFO - User todavids is in Exclude list
2025-10-25 10:54:38,439 - mainapp - INFO - User todavids is in Exclude list
2025-10-25 10:54:38,439 - mainapp - INFO - User todavids is in Exclude list
2025-10-25 10:54:38,439 - mainapp - INFO - User todavids is in Exclude list
2025-10-25 10:54:38,439 - mainapp - INFO - User todavids is in Exclude list
2025-10-25 10:54:38,439 - mainapp - INFO - User todavids is in Exclude list
2025-10-25 10:54:38,439 - mainapp - INFO - User todavids is in Exclude list
2025-10-25 10:54:38,439 - mainapp - INFO - User todavids is in Exclude list
2025-10-25 10:54:38,439 - mainapp - INFO - User todavids is in Exclude list
2025-10-25 10:54:38,439 - mainapp - INFO - User todavids is in Exclude list
2025-10-25 10:54:38,440 - mainapp - INFO - User todavids is in Exclude list
2025-10-25 10:54:38,440 - mainapp - INFO - User todavids is in Exclude list
2025-10-25 10:54:38,440 - mainapp - INFO - User todavids is in Exclude list
2025-10-25 10:54:38,440 - mainapp - INFO - User todavids is in Exclude list
2025-10-25 10:54:38,440 - mainapp - INFO - User todavids is in Exclude list
2025-10-25 10:54:38,440 - mainapp - INFO - User todavids is in Exclude list
2025-10-25 10:54:38,440 - mainapp - INFO - User todavids is in Exclude list
2025-10-25 10:54:38,440 - mainapp - INFO - User todavids is in Exclude list
2025-10-25 10:54:38,440 - mainapp - INFO - User todavids is in Exclude list
2025-10-25 10:54:38,440 - mainapp - INFO - User todavids is in Exclude list
2025-10-25 10:54:38,440 - mainapp - INFO - User todavids is in Exclude list
2025-10-25 10:54:38,440 - mainapp - INFO - User todavids is in Exclude list
2025-10-25 10:54:38,440 - mainapp - INFO - User todavids is in Exclude list
2025-10-25 10:54:38,440 - mainapp - INFO - User todavids is in Exclude list
2025-10-25 10:55:08,287 - mainapp - INFO - User todavids is in Exclude list
2025-10-25 10:56:38,741 - mainapp - INFO - User todavids is in Exclude list
2025-10-25 10:56:38,741 - mainapp - INFO - User jhealey is in Exclude list
2025-10-25 11:03:50,641 - mainapp - INFO - User todavids is in Exclude list
2025-10-25 11:03:50,642 - mainapp - INFO - User jhealey is in Exclude list
2025-10-25 11:05:56,413 - mainapp - INFO - User todavids is in Exclude list
2025-10-25 11:05:56,413 - mainapp - INFO - User jhealey is in Exclude list
2025-10-25 11:06:27,263 - mainapp - INFO - User bliu is in Exclude list
2025-10-25 11:08:43,050 - mainapp - ERROR - Error updating CUCM for uaggarwa: 'NoneType' object has no attribute 'get'
2025-10-25 11:08:58,797 - mainapp - ERROR - Error updating CUCM for uaggarwa: 'NoneType' object has no attribute 'get'
2025-10-25 11:09:09,364 - mainapp - ERROR - Error updating CUCM for uaggarwa: 'NoneType' object has no attribute 'get'
2025-10-25 11:09:23,365 - mainapp - ERROR - Error updating CUCM for uaggarwa: 'NoneType' object has no attribute 'get'
2025-10-25 11:09:36,757 - mainapp - ERROR - Error updating CUCM for uaggarwa: 'NoneType' object has no attribute 'get'
2025-10-25 11:09:47,699 - mainapp - ERROR - Error updating CUCM for uaggarwa: 'NoneType' object has no attribute 'get'
2025-10-25 11:10:23,969 - mainapp - INFO - User jrevil is in Exclude list
2025-10-25 11:11:07,328 - mainapp - INFO - User mgarciab is in Exclude list
2025-10-25 11:19:29,933 - mainapp - ERROR - Error updating CUCM for jpalmer: 'NoneType' object has no attribute 'get'
2025-10-25 11:20:56,068 - mainapp - INFO - User jhumphre is in Exclude list
2025-10-25 11:30:24,565 - mainapp - INFO - User nsilva is in Exclude list
2025-10-25 11:30:24,565 - mainapp - INFO - User emcgowan is in Exclude list
2025-10-25 11:31:03,140 - mainapp - INFO - User lmosher is in Exclude list
2025-10-25 11:31:35,784 - mainapp - INFO - User conrades is in Exclude list
2025-10-25 11:33:02,202 - mainapp - INFO - User dforeste is in Exclude list
2025-10-25 12:28:20,619 - mainapp - INFO - User jsuwirjo is in Exclude list
2025-10-25 12:29:28,821 - mainapp - INFO - User wzani is in Exclude list
2025-10-25 12:30:29,839 - mainapp - INFO - User riweber is in Exclude list
2025-10-25 12:31:44,184 - mainapp - INFO - User loyeung is in Exclude list
2025-10-25 12:34:54,883 - mainapp - INFO - User jstetter is in Exclude list
2025-10-25 12:35:45,008 - mainapp - INFO - User sdempsey is in Exclude list
2025-10-25 12:38:05,870 - mainapp - INFO - User aaitoume is in Exclude list
2025-10-25 12:38:05,871 - mainapp - INFO - User msundara is in Exclude list
2025-10-25 12:38:40,890 - mainapp - INFO - User jbolding is in Exclude list
2025-10-25 12:40:43,904 - mainapp - INFO - User gkulanga is in Exclude list
2025-10-25 12:42:24,463 - mainapp - INFO - User misato is in Exclude list
2025-10-25 12:43:32,880 - mainapp - INFO - User eldohert is in Exclude list
2025-10-25 12:44:37,733 - mainapp - INFO - User gsugaya is in Exclude list
2025-10-25 12:44:37,734 - mainapp - INFO - User nsnyder is in Exclude list
2025-10-25 12:46:04,280 - mainapp - INFO - User jnargund is in Exclude list
2025-10-25 12:46:19,830 - mainapp - INFO - User jarobins is in Exclude list
2025-10-25 12:46:38,869 - mainapp - INFO - User scorneli is in Exclude list
2025-10-25 12:46:55,528 - mainapp - INFO - User tlargy is in Exclude list
2025-10-25 12:48:00,846 - mainapp - ERROR - Error updating CUCM for ngowda: 'NoneType' object has no attribute 'get'
2025-10-25 12:48:58,160 - mainapp - INFO - User pdonato is in Exclude list
2025-10-25 12:52:05,798 - mainapp - INFO - User mabarry is in Exclude list
2025-10-25 12:53:47,117 - mainapp - INFO - User foprea is in Exclude list
2025-10-25 12:53:47,119 - mainapp - INFO - User wlo is in Exclude list
2025-10-25 12:54:23,877 - mainapp - ERROR - Error updating CUCM for ashulski: 'NoneType' object has no attribute 'get'
2025-10-25 12:55:48,040 - mainapp - INFO - User fschlaip is in Exclude list
2025-10-25 12:56:06,418 - mainapp - INFO - User damurphy is in Exclude list
2025-10-25 12:56:06,420 - mainapp - INFO - User emallozz is in Exclude list
2025-10-25 12:56:06,420 - mainapp - INFO - User rlasser is in Exclude list
2025-10-25 12:57:14,520 - mainapp - INFO - User jastone is in Exclude list
2025-10-25 12:58:42,444 - mainapp - INFO - User avigoda is in Exclude list
2025-10-25 13:01:06,138 - mainapp - INFO - User johnpark is in Exclude list
2025-10-25 13:02:15,727 - mainapp - INFO - User aberzal is in Exclude list
2025-10-25 13:02:15,729 - mainapp - INFO - User gkochman is in Exclude list
2025-10-25 13:05:15,300 - mainapp - INFO - User scripley is in Exclude list
2025-10-25 13:05:15,300 - mainapp - INFO - User canguyen is in Exclude list
2025-10-25 13:16:28,345 - mainapp - INFO - User asalahud is in Exclude list
2025-10-25 13:17:13,232 - mainapp - INFO - User mabright is in Exclude list
2025-10-25 13:22:19,717 - mainapp - INFO - User rpincus is in Exclude list
2025-10-25 13:23:51,152 - mainapp - INFO - User hmenon is in Exclude list
2025-10-25 13:24:09,131 - mainapp - INFO - User tkanel is in Exclude list
2025-10-25 13:31:18,583 - mainapp - INFO - User nygren is in Exclude list
2025-10-25 13:37:52,430 - mainapp - INFO - User chwatkin is in Exclude list
2025-10-25 13:41:43,509 - mainapp - INFO - User oaglagul is in Exclude list
2025-10-25 13:44:37,590 - mainapp - INFO - User rwachasu is in Exclude list
2025-10-25 13:45:10,811 - mainapp - INFO - User rpatil is in Exclude list
2025-10-25 13:47:06,892 - mainapp - INFO - User anfreema is in Exclude list
2025-10-25 13:47:29,326 - mainapp - INFO - User skmorris is in Exclude list
2025-10-25 13:54:31,407 - mainapp - INFO - User mvoerman is in Exclude list
2025-10-25 13:54:31,409 - mainapp - INFO - User kkazani is in Exclude list
2025-10-25 14:01:10,516 - mainapp - INFO - User mbabecki is in Exclude list
2025-10-25 14:01:31,916 - mainapp - INFO - User rpacewic is in Exclude list
2025-10-25 14:01:31,917 - mainapp - INFO - User sbaskett is in Exclude list
2025-10-25 14:02:49,998 - mainapp - INFO - User bchalins is in Exclude list
2025-10-25 14:03:15,528 - mainapp - INFO - User mobryant is in Exclude list
2025-10-25 14:03:30,865 - mainapp - INFO - User masoares is in Exclude list
2025-10-25 14:09:14,944 - mainapp - INFO - User lbrownin is in Exclude list
2025-10-25 14:10:45,779 - mainapp - INFO - User johong is in Exclude list
2025-10-25 14:11:21,020 - mainapp - INFO - User heklein is in Exclude list
2025-10-25 14:19:02,434 - mainapp - INFO - User sjkin is in Exclude list
2025-10-25 14:19:02,437 - mainapp - INFO - User sakaur is in Exclude list
2025-10-25 14:20:11,930 - mainapp - INFO - User cbreen is in Exclude list
2025-10-25 14:20:11,933 - mainapp - INFO - User kayeung is in Exclude list
2025-10-25 14:20:28,940 - mainapp - INFO - User jstoneho is in Exclude list
2025-10-25 14:23:04,817 - mainapp - INFO - User jcretaro is in Exclude list
2025-10-25 14:24:54,004 - mainapp - INFO - User ahamm is in Exclude list
2025-10-25 14:27:03,835 - mainapp - INFO - User edwong is in Exclude list
2025-10-25 14:32:19,117 - mainapp - INFO - User jgillesp is in Exclude list
2025-10-25 14:32:19,119 - mainapp - INFO - User lmakara is in Exclude list
2025-10-25 14:32:39,133 - mainapp - INFO - User cieng is in Exclude list
2025-10-25 14:32:39,136 - mainapp - INFO - User rjaskuls is in Exclude list
2025-10-25 14:36:07,423 - mainapp - INFO - User kjeffrey is in Exclude list
2025-10-25 14:36:07,426 - mainapp - INFO - User psiemien is in Exclude list
2025-10-25 14:41:45,651 - mainapp - INFO - User bvaz is in Exclude list
2025-10-25 14:42:09,943 - mainapp - INFO - User agorton is in Exclude list
2025-10-25 14:42:57,188 - mainapp - INFO - User lbutler is in Exclude list
2025-10-25 14:46:07,869 - mainapp - INFO - User jenrique is in Exclude list
2025-10-25 15:01:23,849 - mainapp - INFO - User wna is in Exclude list
2025-10-25 15:01:23,852 - mainapp - INFO - User dsims is in Exclude list
2025-10-25 15:03:04,046 - mainapp - INFO - User jegreene is in Exclude list
2025-10-25 15:04:06,663 - mainapp - INFO - User joyu is in Exclude list
2025-10-25 15:06:03,251 - mainapp - INFO - User amontuor is in Exclude list
2025-10-25 15:09:12,703 - mainapp - INFO - User puprasad is in Exclude list
2025-10-25 15:10:50,996 - mainapp - INFO - User royates is in Exclude list
2025-10-25 15:13:18,775 - mainapp - INFO - User sverasch is in Exclude list
2025-10-25 15:13:18,776 - mainapp - INFO - User aberdin is in Exclude list
2025-10-25 15:13:51,475 - mainapp - INFO - User aamehta is in Exclude list
2025-10-25 15:14:54,368 - mainapp - ERROR - Error updating CUCM for clei: 'NoneType' object has no attribute 'get'
2025-10-25 15:15:52,570 - mainapp - INFO - User amakda is in Exclude list
2025-10-25 15:18:30,643 - mainapp - INFO - User sshetty is in Exclude list
2025-10-25 15:20:05,285 - mainapp - INFO - User dmcgeary is in Exclude list
2025-10-25 15:21:20,357 - mainapp - INFO - User slopata is in Exclude list
2025-10-25 15:22:42,424 - mainapp - INFO - User amaran is in Exclude list
2025-10-25 15:23:41,373 - mainapp - INFO - User phayden is in Exclude list
2025-10-25 15:27:42,236 - mainapp - INFO - User canicolo is in Exclude list
2025-10-25 15:29:42,221 - mainapp - INFO - User bkhidhir is in Exclude list
2025-10-25 15:32:57,648 - mainapp - INFO - User avora is in Exclude list
2025-10-25 15:33:34,458 - mainapp - INFO - User pcheong is in Exclude list
2025-10-25 15:33:53,562 - mainapp - INFO - User msyrek is in Exclude list
2025-10-25 15:38:55,110 - mainapp - INFO - User jtigano is in Exclude list
2025-10-25 15:45:40,811 - mainapp - INFO - User miwilson is in Exclude list
2025-10-25 15:47:28,671 - mainapp - INFO - User mlee is in Exclude list
2025-10-25 15:48:34,656 - mainapp - INFO - User mavincen is in Exclude list
2025-10-25 15:50:37,525 - mainapp - INFO - User dharknes is in Exclude list
2025-10-25 15:55:00,327 - mainapp - INFO - User anlewis is in Exclude list
2025-10-25 15:56:24,821 - mainapp - INFO - User lfalcone is in Exclude list
2025-10-25 15:58:43,199 - mainapp - INFO - User kkwak is in Exclude list
2025-10-25 16:00:48,118 - mainapp - INFO - User nglaser is in Exclude list
2025-10-25 16:02:28,761 - mainapp - INFO - User amesegue is in Exclude list
2025-10-25 16:03:01,444 - mainapp - INFO - User sarakawa is in Exclude list
2025-10-25 16:04:25,897 - mainapp - INFO - User desousa is in Exclude list
2025-10-25 16:07:41,985 - mainapp - INFO - User anaik is in Exclude list
2025-10-25 16:08:47,870 - mainapp - INFO - User sdurand is in Exclude list
2025-10-25 16:14:12,640 - mainapp - INFO - User alipman is in Exclude list
2025-10-25 16:15:25,823 - mainapp - INFO - User ergonzal is in Exclude list
2025-10-25 16:16:47,086 - mainapp - INFO - User mkozendr is in Exclude list
2025-10-25 16:18:36,339 - mainapp - INFO - User dhermeli is in Exclude list
2025-10-25 16:23:43,254 - mainapp - INFO - User jbouchar is in Exclude list
2025-10-25 16:27:35,996 - mainapp - INFO - User rpalisoc is in Exclude list
2025-10-25 16:30:38,921 - mainapp - INFO - User doc is in Exclude list
2025-10-25 16:31:18,824 - mainapp - INFO - User tohuang is in Exclude list
2025-10-25 16:32:21,273 - mainapp - INFO - User marvinr is in Exclude list
2025-10-25 16:32:46,571 - mainapp - INFO - User dlollman is in Exclude list
2025-10-25 16:34:23,639 - mainapp - INFO - User lthompso is in Exclude list
2025-10-25 16:35:24,345 - mainapp - INFO - User jofurst is in Exclude list
2025-10-25 16:35:24,347 - mainapp - INFO - User kvarady is in Exclude list
2025-10-25 16:35:24,348 - mainapp - INFO - User spatrava is in Exclude list
2025-10-25 16:39:15,479 - mainapp - INFO - User lreesey is in Exclude list
2025-10-25 16:40:58,835 - mainapp - INFO - User jmondoux is in Exclude list
2025-10-25 16:43:03,537 - mainapp - INFO - User jawojcik is in Exclude list
2025-10-25 16:43:03,540 - mainapp - INFO - User jswasey is in Exclude list
2025-10-25 16:43:03,540 - mainapp - INFO - User sweis is in Exclude list
2025-10-25 16:43:59,148 - mainapp - INFO - User kagarwal is in Exclude list
2025-10-25 16:46:10,991 - mainapp - INFO - User regibree is in Exclude list
2025-10-25 16:47:41,226 - mainapp - INFO - User mstrosci is in Exclude list
2025-10-25 16:49:09,143 - mainapp - INFO - User mbuonfig is in Exclude list
2025-10-25 16:51:25,092 - mainapp - INFO - User ebeach is in Exclude list
2025-10-25 16:51:25,538 - mainapp - INFO - User jlopez is in Exclude list
2025-10-25 16:57:20,463 - mainapp - INFO - User nlusthau is in Exclude list
2025-10-25 16:58:26,139 - mainapp - INFO - User aguzman is in Exclude list
2025-10-25 17:00:55,010 - mainapp - INFO - User sschecte is in Exclude list
2025-10-25 17:00:55,492 - mainapp - ERROR - Error updating CUCM for mbrucka: 'NoneType' object has no attribute 'get'
2025-10-25 17:05:09,261 - mainapp - INFO - User dminer is in Exclude list
2025-10-25 17:05:09,262 - mainapp - INFO - User croquequ is in Exclude list
2025-10-25 17:06:08,237 - mainapp - INFO - User asivakum is in Exclude list
2025-10-25 17:06:08,238 - mainapp - INFO - User anikrish is in Exclude list
2025-10-25 17:06:08,238 - mainapp - INFO - User pvegalaz is in Exclude list
2025-10-25 17:06:42,386 - mainapp - INFO - User jtong is in Exclude list
2025-10-25 17:11:21,957 - mainapp - INFO - User mihall is in Exclude list
2025-10-25 17:16:08,584 - mainapp - INFO - User hishiyam is in Exclude list
2025-10-25 17:19:08,335 - mainapp - INFO - User tkilpatr is in Exclude list
2025-10-25 17:21:33,560 - mainapp - INFO - User jcastro is in Exclude list
2025-10-25 17:21:54,869 - mainapp - INFO - User eortiz is in Exclude list
2025-10-25 17:22:26,193 - mainapp - INFO - User gdiaz is in Exclude list
2025-10-25 17:23:03,594 - mainapp - INFO - User cduong is in Exclude list
2025-10-25 17:25:05,212 - mainapp - INFO - User ashannon is in Exclude list
2025-10-25 17:25:05,214 - mainapp - INFO - User nperez is in Exclude list
2025-10-25 17:25:23,721 - mainapp - INFO - User bkoss is in Exclude list
2025-10-25 17:25:23,722 - mainapp - INFO - User aloragon is in Exclude list
2025-10-25 17:25:40,038 - mainapp - INFO - User askowron is in Exclude list
2025-10-25 17:27:53,433 - mainapp - INFO - User gbellas is in Exclude list
2025-10-25 17:28:10,057 - mainapp - INFO - User afuentes is in Exclude list
2025-10-25 17:30:16,605 - mainapp - INFO - User alaplume is in Exclude list
2025-10-25 17:31:02,747 - mainapp - INFO - User dponce is in Exclude list
2025-10-25 17:31:53,790 - mainapp - INFO - User ghesselb is in Exclude list
2025-10-25 17:32:09,685 - mainapp - INFO - User pweidel is in Exclude list
2025-10-25 17:34:09,353 - mainapp - INFO - User phartman is in Exclude list
2025-10-25 17:34:57,658 - mainapp - INFO - User fcalvode is in Exclude list
2025-10-25 17:34:57,659 - mainapp - INFO - User obarral is in Exclude list
2025-10-25 17:35:13,305 - mainapp - INFO - User jreyes is in Exclude list
2025-10-25 17:36:21,010 - mainapp - INFO - User rsmith is in Exclude list
2025-10-25 17:36:21,012 - mainapp - INFO - User jweber is in Exclude list
2025-10-25 17:38:34,984 - mainapp - INFO - User ashrivas is in Exclude list
2025-10-25 17:38:34,985 - mainapp - INFO - User rbarranc is in Exclude list
2025-10-25 17:38:34,985 - mainapp - INFO - User mvalere is in Exclude list
2025-10-25 17:38:34,985 - mainapp - INFO - User tcolon is in Exclude list
2025-10-25 17:38:56,912 - mainapp - INFO - User swong is in Exclude list
2025-10-25 17:42:36,854 - mainapp - INFO - User dadolego is in Exclude list
2025-10-25 17:42:52,290 - mainapp - INFO - User smardak is in Exclude list
2025-10-25 17:48:17,319 - mainapp - INFO - User hshimane is in Exclude list
2025-10-25 17:48:17,320 - mainapp - INFO - User bcherian is in Exclude list
2025-10-25 18:02:39,827 - mainapp - INFO - User llevine is in Exclude list
2025-10-25 18:03:49,756 - mainapp - ERROR - Error updating CUCM for jjung: 'NoneType' object has no attribute 'get'
2025-10-25 18:09:49,422 - mainapp - INFO - User sguez is in Exclude list
2025-10-25 18:12:10,292 - mainapp - INFO - User maaraujo is in Exclude list
2025-10-25 18:16:09,262 - mainapp - INFO - User celdon is in Exclude list
2025-10-25 18:20:06,799 - mainapp - INFO - User cseven is in Exclude list
2025-10-25 18:20:06,801 - mainapp - INFO - User klai is in Exclude list
2025-10-25 18:20:42,333 - mainapp - INFO - User emazzero is in Exclude list
2025-10-25 18:22:57,480 - mainapp - INFO - User mlyn is in Exclude list
2025-10-25 18:22:57,481 - mainapp - INFO - User erivera is in Exclude list
2025-10-25 18:26:47,373 - mainapp - INFO - User hyukim is in Exclude list
2025-10-25 18:31:28,320 - mainapp - INFO - User emontero is in Exclude list
2025-10-25 18:31:28,322 - mainapp - INFO - User glopez is in Exclude list
2025-10-25 18:31:47,136 - mainapp - INFO - User mfrancis is in Exclude list
2025-10-25 18:32:04,042 - mainapp - INFO - User mroberts is in Exclude list
2025-10-25 18:35:53,932 - mainapp - INFO - User dgallard is in Exclude list
2025-10-25 18:36:31,241 - mainapp - INFO - User bbuenave is in Exclude list
2025-10-25 18:37:36,968 - mainapp - INFO - User jhogue is in Exclude list
2025-10-25 18:39:02,170 - mainapp - INFO - User tle is in Exclude list
2025-10-25 18:40:44,899 - mainapp - INFO - User mfloresa is in Exclude list
2025-10-25 18:41:55,252 - mainapp - INFO - User braghava is in Exclude list
2025-10-25 18:41:55,253 - mainapp - INFO - User kedavis is in Exclude list
2025-10-25 18:44:27,794 - mainapp - INFO - User jdenbow is in Exclude list
2025-10-25 18:44:27,795 - mainapp - INFO - User mandreol is in Exclude list
2025-10-25 18:44:42,994 - mainapp - INFO - User dwrona is in Exclude list
2025-10-25 18:45:00,445 - mainapp - INFO - User pdowney is in Exclude list
2025-10-25 18:45:35,748 - mainapp - INFO - User ecassal is in Exclude list
2025-10-25 18:46:09,945 - mainapp - INFO - User sanpande is in Exclude list
2025-10-25 18:46:26,128 - mainapp - ERROR - Error updating CUCM for ansrivas: 'NoneType' object has no attribute 'get'
2025-10-25 18:46:37,098 - mainapp - INFO - User ecollins is in Exclude list
2025-10-25 18:47:10,445 - mainapp - INFO - User gkelly is in Exclude list
2025-10-25 18:47:28,436 - mainapp - INFO - User aradice is in Exclude list
2025-10-25 18:48:05,543 - mainapp - INFO - User kkahia is in Exclude list
2025-10-25 18:49:05,910 - mainapp - INFO - User mcullen is in Exclude list
2025-10-25 18:49:21,857 - mainapp - INFO - User mmckenna is in Exclude list
2025-10-25 18:50:37,796 - mainapp - INFO - User efrost is in Exclude list
2025-10-25 18:51:11,542 - mainapp - INFO - User jcasey is in Exclude list
2025-10-25 18:52:20,999 - mainapp - INFO - User lranchev is in Exclude list
2025-10-25 18:57:48,162 - mainapp - INFO - User jlharido is in Exclude list
2025-10-25 18:59:13,418 - mainapp - INFO - User msallee is in Exclude list
2025-10-25 18:59:30,926 - mainapp - INFO - User edoles is in Exclude list
2025-10-25 19:00:40,409 - mainapp - INFO - User ykawabat is in Exclude list
2025-10-25 19:03:34,530 - mainapp - INFO - User suvijaya is in Exclude list
2025-10-25 19:05:00,175 - mainapp - INFO - User jtyzo is in Exclude list
2025-10-25 19:05:17,974 - mainapp - INFO - User kyou is in Exclude list
2025-10-25 19:06:12,594 - mainapp - INFO - User jgeilfus is in Exclude list
2025-10-25 19:06:29,105 - mainapp - INFO - User mastuamo is in Exclude list
2025-10-25 19:09:04,832 - mainapp - INFO - User rlopezso is in Exclude list
2025-10-25 19:14:34,130 - mainapp - INFO - User mmattera is in Exclude list
2025-10-25 19:14:34,131 - mainapp - INFO - User hinadome is in Exclude list
2025-10-25 19:19:30,836 - mainapp - INFO - User mraju is in Exclude list
2025-10-25 19:19:47,292 - mainapp - INFO - User wavilach is in Exclude list
2025-10-25 19:19:47,294 - mainapp - INFO - User sschiffe is in Exclude list
2025-10-25 19:20:39,150 - mainapp - INFO - User joramire is in Exclude list
2025-10-25 19:24:29,909 - mainapp - INFO - User tcarey is in Exclude list
2025-10-25 19:25:37,689 - mainapp - INFO - User emonge is in Exclude list
2025-10-25 19:26:13,030 - mainapp - INFO - User amayaber is in Exclude list
2025-10-25 19:27:59,980 - mainapp - INFO - User jpalma is in Exclude list
2025-10-25 19:31:27,880 - mainapp - INFO - User scaban is in Exclude list
2025-10-25 19:33:47,607 - mainapp - INFO - User mcrowder is in Exclude list
2025-10-25 19:43:15,298 - mainapp - INFO - User rcoolbau is in Exclude list
2025-10-25 19:47:15,675 - mainapp - INFO - User cworm is in Exclude list
2025-10-25 19:47:15,678 - mainapp - INFO - User dbrink is in Exclude list
2025-10-25 19:47:33,650 - mainapp - INFO - User dtamasse is in Exclude list
2025-10-25 19:47:33,651 - mainapp - INFO - User mberger is in Exclude list
2025-10-25 19:47:33,651 - mainapp - INFO - User mgreve is in Exclude list
2025-10-25 19:48:09,774 - mainapp - INFO - User awilliam is in Exclude list
2025-10-25 19:49:16,043 - mainapp - INFO - User mmisiak is in Exclude list
2025-10-25 19:50:23,526 - mainapp - INFO - User imadriga is in Exclude list
2025-10-25 19:51:16,992 - mainapp - INFO - User mpepper is in Exclude list
2025-10-25 19:54:38,886 - mainapp - INFO - User czelaya is in Exclude list
2025-10-25 19:56:55,136 - mainapp - INFO - User bcapello is in Exclude list
2025-10-25 19:56:55,138 - mainapp - INFO - User csim is in Exclude list
2025-10-25 19:57:43,670 - mainapp - INFO - User wchan is in Exclude list
2025-10-25 19:58:54,285 - mainapp - ERROR - Error updating CUCM for ugoel: 'NoneType' object has no attribute 'get'
2025-10-25 19:59:21,465 - mainapp - INFO - User ctovar is in Exclude list
2025-10-25 19:59:37,477 - mainapp - INFO - User mpotashm is in Exclude list
2025-10-25 20:01:14,643 - mainapp - INFO - User hsim is in Exclude list
2025-10-25 20:01:29,691 - mainapp - INFO - User cluk is in Exclude list
2025-10-25 20:01:46,675 - mainapp - INFO - User srichard is in Exclude list
2025-10-25 20:07:09,490 - mainapp - INFO - User ssury is in Exclude list
2025-10-25 20:08:11,198 - mainapp - INFO - User rkelley is in Exclude list
2025-10-25 20:08:29,525 - mainapp - INFO - User addiaz is in Exclude list
2025-10-25 20:11:18,874 - mainapp - INFO - User dvalverd is in Exclude list
2025-10-25 20:11:36,565 - mainapp - INFO - User gzamora is in Exclude list
2025-10-25 20:13:57,889 - mainapp - INFO - User akvaraci is in Exclude list
2025-10-25 20:14:47,233 - mainapp - INFO - User mmarek is in Exclude list
2025-10-25 20:15:54,792 - mainapp - INFO - User dolee is in Exclude list
2025-10-25 20:19:15,499 - mainapp - INFO - User dbishop is in Exclude list
2025-10-25 20:31:03,630 - mainapp - INFO - User lugonzal is in Exclude list
2025-10-25 20:33:13,232 - mainapp - INFO - User rblanco is in Exclude list
2025-10-25 20:34:11,502 - mainapp - INFO - User sswaraj is in Exclude list
2025-10-25 20:36:40,282 - mainapp - INFO - User grojas is in Exclude list
2025-10-25 20:42:06,242 - mainapp - INFO - User acampos is in Exclude list
2025-10-25 20:45:57,331 - mainapp - INFO - User kstojek is in Exclude list
2025-10-25 20:47:27,926 - mainapp - INFO - User msanseau is in Exclude list
2025-10-25 20:47:27,926 - mainapp - INFO - User bvedhamo is in Exclude list
2025-10-25 20:50:06,741 - mainapp - ERROR - Error updating CUCM for jgebauer: 'NoneType' object has no attribute 'get'
2025-10-25 20:50:16,390 - mainapp - INFO - User tnakamur is in Exclude list
2025-10-25 20:51:24,283 - mainapp - INFO - User dengarci is in Exclude list
2025-10-25 20:53:32,837 - mainapp - INFO - User dlopez is in Exclude list
2025-10-25 20:55:26,780 - mainapp - INFO - User stcohen is in Exclude list
2025-10-25 20:57:27,007 - mainapp - INFO - User amanca is in Exclude list
2025-10-25 20:57:27,008 - mainapp - INFO - User jschaad is in Exclude list
2025-10-25 20:57:48,530 - mainapp - INFO - User dmartin is in Exclude list
2025-10-25 20:58:26,824 - mainapp - INFO - User dspaeth is in Exclude list
2025-10-25 21:00:17,972 - mainapp - INFO - User cvannada is in Exclude list
2025-10-25 21:00:56,295 - mainapp - INFO - User ltrotta is in Exclude list
2025-10-25 21:02:06,942 - mainapp - INFO - User mshea is in Exclude list
2025-10-25 21:02:06,944 - mainapp - INFO - User tmiyazaw is in Exclude list
2025-10-25 21:02:41,427 - mainapp - INFO - User jhamilto is in Exclude list
2025-10-25 21:02:41,429 - mainapp - INFO - User mlange is in Exclude list
2025-10-25 21:03:49,580 - mainapp - INFO - User asuresh is in Exclude list
2025-10-25 21:06:07,667 - mainapp - INFO - User jsorimac is in Exclude list
2025-10-25 21:06:25,500 - mainapp - INFO - User decamach is in Exclude list
2025-10-25 21:10:20,701 - mainapp - INFO - User ynarita is in Exclude list
2025-10-25 21:11:15,526 - mainapp - ERROR - Error updating CUCM for mcannone: 'NoneType' object has no attribute 'get'
2025-10-25 21:11:26,950 - mainapp - INFO - User dstaplet is in Exclude list
2025-10-25 21:11:43,724 - mainapp - INFO - User yfontsse is in Exclude list
2025-10-25 21:16:17,678 - mainapp - INFO - User rkuffner is in Exclude list
2025-10-25 21:16:17,680 - mainapp - INFO - User lbrockna is in Exclude list
2025-10-25 21:16:33,921 - mainapp - INFO - User khirosaw is in Exclude list
2025-10-25 21:17:06,170 - mainapp - INFO - User jmejia is in Exclude list
2025-10-25 21:17:57,263 - mainapp - INFO - User plafonta is in Exclude list
2025-10-25 21:18:17,575 - mainapp - INFO - User turamoto is in Exclude list
2025-10-25 21:26:56,859 - mainapp - INFO - User dsolanki is in Exclude list
2025-10-25 21:27:55,775 - mainapp - INFO - User jhaight is in Exclude list
2025-10-25 21:28:32,893 - mainapp - INFO - User earaya is in Exclude list
2025-10-25 21:28:32,895 - mainapp - INFO - User gramos is in Exclude list
2025-10-25 21:28:32,895 - mainapp - INFO - User gjimenez is in Exclude list
2025-10-25 21:29:12,130 - mainapp - INFO - User eojo is in Exclude list
2025-10-25 21:29:57,238 - mainapp - INFO - User srutkaus is in Exclude list
2025-10-25 21:31:24,088 - mainapp - INFO - User rthompso is in Exclude list
2025-10-25 21:37:03,958 - mainapp - INFO - User edunyoh is in Exclude list
2025-10-25 21:37:04,526 - mainapp - ERROR - Error updating CUCM for aabdelja: 'NoneType' object has no attribute 'get'
2025-10-25 21:40:29,107 - mainapp - INFO - User omiranda is in Exclude list
2025-10-25 21:40:29,109 - mainapp - INFO - User omurillo is in Exclude list
2025-10-25 21:46:51,642 - mainapp - INFO - User rajpatil is in Exclude list
2025-10-25 21:47:56,142 - mainapp - INFO - User gsaldana is in Exclude list
2025-10-25 21:51:22,775 - mainapp - INFO - User mzhao is in Exclude list
2025-10-25 21:51:22,776 - mainapp - INFO - User akalpath is in Exclude list
2025-10-25 21:53:17,905 - mainapp - INFO - User epatters is in Exclude list
2025-10-25 21:55:52,138 - mainapp - INFO - User adasilva is in Exclude list
2025-10-25 21:57:20,596 - mainapp - INFO - User idasilva is in Exclude list
2025-10-25 21:58:10,920 - mainapp - INFO - User jmarczew is in Exclude list
2025-10-25 21:58:10,922 - mainapp - INFO - User sbatenin is in Exclude list
2025-10-25 21:58:58,515 - mainapp - INFO - User aninthal is in Exclude list
2025-10-25 22:03:29,971 - mainapp - INFO - User aeshappa is in Exclude list
2025-10-25 22:03:29,973 - mainapp - INFO - User pstephan is in Exclude list
2025-10-25 22:04:02,814 - mainapp - INFO - User vlindine is in Exclude list
2025-10-25 22:04:36,172 - mainapp - INFO - User yason is in Exclude list
2025-10-25 22:09:05,573 - mainapp - INFO - User pfortkor is in Exclude list
2025-10-25 22:09:37,874 - mainapp - INFO - User sgourgue is in Exclude list
2025-10-25 22:11:15,127 - mainapp - INFO - User gkometia is in Exclude list
2025-10-25 22:11:54,577 - mainapp - INFO - User pprzybyl is in Exclude list
2025-10-25 22:12:59,011 - mainapp - INFO - User dbarquer is in Exclude list
2025-10-25 22:13:52,595 - mainapp - INFO - User tchwiej is in Exclude list
2025-10-25 22:19:14,621 - mainapp - INFO - User michall is in Exclude list
2025-10-25 22:20:06,100 - mainapp - INFO - User mkurowsk is in Exclude list
2025-10-25 22:20:06,103 - mainapp - INFO - User avenegas is in Exclude list
2025-10-25 22:20:59,019 - mainapp - INFO - User rkedra is in Exclude list
2025-10-25 22:23:26,039 - mainapp - INFO - User njensen is in Exclude list
2025-10-25 22:23:26,040 - mainapp - INFO - User icanales is in Exclude list
2025-10-25 22:23:26,040 - mainapp - INFO - User oozoria is in Exclude list
2025-10-25 22:23:43,325 - mainapp - INFO - User chleung is in Exclude list
2025-10-25 22:24:32,841 - mainapp - INFO - User tlow is in Exclude list
2025-10-25 22:26:56,830 - mainapp - INFO - User ddailey is in Exclude list
2025-10-25 22:27:15,008 - mainapp - INFO - User ncoccolu is in Exclude list
2025-10-25 22:27:29,896 - mainapp - INFO - User ekatz is in Exclude list
2025-10-25 22:35:46,039 - mainapp - INFO - User merhard is in Exclude list
2025-10-25 22:37:41,108 - mainapp - INFO - User vdeshpan is in Exclude list
2025-10-25 22:38:14,415 - mainapp - ERROR - Error updating CUCM for kwilson: 'NoneType' object has no attribute 'get'
2025-10-25 22:39:00,708 - mainapp - INFO - User bkelly is in Exclude list
2025-10-25 22:39:36,325 - mainapp - INFO - User mtomac is in Exclude list
2025-10-25 22:40:35,751 - mainapp - INFO - User arichard is in Exclude list
2025-10-25 22:48:01,517 - mainapp - INFO - User kbelcarz is in Exclude list
2025-10-25 22:55:59,918 - mainapp - INFO - User abogdol is in Exclude list
2025-10-25 23:08:26,444 - mainapp - INFO - User hochow is in Exclude list
2025-10-25 23:11:32,476 - mainapp - INFO - User ruibinma is in Exclude list
2025-10-25 23:11:49,126 - mainapp - INFO - User menglert is in Exclude list
2025-10-25 23:14:03,046 - mainapp - INFO - User ffarooq is in Exclude list
2025-10-25 23:15:26,508 - mainapp - INFO - User waburtol is in Exclude list
2025-10-25 23:18:10,365 - mainapp - INFO - User dholland is in Exclude list
2025-10-25 23:21:14,525 - mainapp - INFO - User jojordan is in Exclude list
2025-10-25 23:21:14,528 - mainapp - INFO - User jlovell is in Exclude list
2025-10-25 23:22:35,473 - mainapp - INFO - User anrodrig is in Exclude list
2025-10-25 23:22:35,474 - mainapp - INFO - User cbuurstr is in Exclude list
2025-10-25 23:22:35,474 - mainapp - INFO - User josmarti is in Exclude list
2025-10-25 23:23:24,079 - mainapp - INFO - User yulin is in Exclude list
2025-10-25 23:23:24,080 - mainapp - INFO - User lbeltran is in Exclude list
2025-10-25 23:25:49,613 - mainapp - INFO - User esantosc is in Exclude list
2025-10-25 23:26:22,618 - mainapp - INFO - User mobharga is in Exclude list
2025-10-25 23:27:48,673 - mainapp - INFO - User pwelton is in Exclude list
2025-10-25 23:29:13,226 - mainapp - INFO - User abar is in Exclude list
2025-10-25 23:31:10,399 - mainapp - INFO - User jgreenwa is in Exclude list
2025-10-25 23:31:29,096 - mainapp - INFO - User amrowka is in Exclude list
2025-10-25 23:31:46,139 - mainapp - INFO - User jkukla is in Exclude list
2025-10-25 23:32:02,416 - mainapp - INFO - User gbandele is in Exclude list
2025-10-25 23:33:58,188 - mainapp - INFO - User msilesva is in Exclude list
2025-10-25 23:34:29,055 - mainapp - INFO - User gnewman is in Exclude list
2025-10-25 23:35:01,850 - mainapp - INFO - User lyeong is in Exclude list
2025-10-25 23:35:01,852 - mainapp - INFO - User yoritate is in Exclude list
2025-10-25 23:40:35,478 - mainapp - INFO - User hshin is in Exclude list
2025-10-25 23:41:45,357 - mainapp - INFO - User mradic is in Exclude list
2025-10-25 23:45:57,043 - mainapp - INFO - User carciama is in Exclude list
2025-10-25 23:48:10,922 - mainapp - INFO - User mantonia is in Exclude list
2025-10-25 23:51:35,533 - mainapp - INFO - User hazhang is in Exclude list
2025-10-25 23:51:54,203 - mainapp - INFO - User adunn is in Exclude list
2025-10-25 23:54:09,355 - mainapp - INFO - User asalazar is in Exclude list
2025-10-25 23:54:26,098 - mainapp - INFO - User vpolitan is in Exclude list
2025-10-25 23:54:59,130 - mainapp - INFO - User pmawalke is in Exclude list
2025-10-25 23:55:31,852 - mainapp - INFO - User ksalemja is in Exclude list
2025-10-25 23:56:03,407 - mainapp - INFO - User pplywacz is in Exclude list
2025-10-25 23:57:37,458 - mainapp - INFO - User sseifert is in Exclude list
2025-10-25 23:57:37,460 - mainapp - INFO - User msakowsk is in Exclude list
2025-10-26 00:03:32,491 - mainapp - INFO - User dgopalak is in Exclude list
2025-10-26 00:03:49,403 - mainapp - INFO - User mkociole is in Exclude list
2025-10-26 00:06:02,912 - mainapp - INFO - User asuchon is in Exclude list
2025-10-26 00:06:02,914 - mainapp - INFO - User mgodula is in Exclude list
2025-10-26 00:08:01,906 - mainapp - INFO - User jugaldeg is in Exclude list
2025-10-26 00:08:18,360 - mainapp - INFO - User mpaula is in Exclude list
2025-10-26 00:09:21,744 - mainapp - INFO - User jbadilla is in Exclude list
2025-10-26 00:09:38,645 - mainapp - INFO - User abodhank is in Exclude list
2025-10-26 00:11:54,158 - mainapp - INFO - User jskoczek is in Exclude list
2025-10-26 00:12:10,203 - mainapp - INFO - User mwolosin is in Exclude list
2025-10-26 00:12:10,203 - mainapp - INFO - User cgerbran is in Exclude list
2025-10-26 00:13:35,162 - mainapp - INFO - User eokafor is in Exclude list
2025-10-26 00:13:51,048 - mainapp - INFO - User lurodrig is in Exclude list
2025-10-26 00:13:51,050 - mainapp - INFO - User dtiyekba is in Exclude list
2025-10-26 00:13:51,050 - mainapp - INFO - User jvaravit is in Exclude list
2025-10-26 00:14:23,788 - mainapp - INFO - User lretanar is in Exclude list
2025-10-26 00:15:14,680 - mainapp - INFO - User adkulkar is in Exclude list
2025-10-26 00:15:46,900 - mainapp - INFO - User esequeir is in Exclude list
2025-10-26 00:16:19,238 - mainapp - INFO - User sdiazgar is in Exclude list
2025-10-26 00:16:51,110 - mainapp - INFO - User agerard is in Exclude list
2025-10-26 00:16:51,111 - mainapp - INFO - User sukim is in Exclude list
2025-10-26 00:21:23,895 - mainapp - ERROR - Error updating CUCM for hehsani: 'NoneType' object has no attribute 'get'
2025-10-26 00:22:09,609 - mainapp - INFO - User raigner is in Exclude list
2025-10-26 00:24:36,523 - mainapp - INFO - User rpinapor is in Exclude list
2025-10-26 00:34:22,877 - mainapp - INFO - User rclark is in Exclude list
2025-10-26 00:34:22,878 - mainapp - INFO - User mlima is in Exclude list
2025-10-26 00:36:54,826 - mainapp - INFO - User spadlick is in Exclude list
2025-10-26 00:39:26,672 - mainapp - INFO - User jfrasch is in Exclude list
2025-10-26 00:43:03,607 - mainapp - INFO - User briwilso is in Exclude list
2025-10-26 00:43:38,896 - mainapp - INFO - User teda is in Exclude list
2025-10-26 00:47:17,722 - mainapp - INFO - User yoyabu is in Exclude list
2025-10-26 00:47:17,724 - mainapp - INFO - User amarano is in Exclude list
2025-10-26 00:50:18,569 - mainapp - INFO - User lcamargo is in Exclude list
2025-10-26 00:50:52,942 - mainapp - INFO - User nromero is in Exclude list
2025-10-26 00:54:29,005 - mainapp - INFO - User mbrito is in Exclude list
2025-10-26 00:54:29,006 - mainapp - INFO - User aovacik is in Exclude list
2025-10-26 00:54:29,006 - mainapp - INFO - User daanders is in Exclude list
2025-10-26 00:55:16,853 - mainapp - INFO - User jjohanso is in Exclude list
2025-10-26 00:58:20,605 - mainapp - INFO - User cnam is in Exclude list
2025-10-26 00:58:55,744 - mainapp - INFO - User rromain is in Exclude list
2025-10-26 00:59:10,515 - mainapp - INFO - User jborras is in Exclude list
2025-10-26 00:59:44,932 - mainapp - INFO - User jmurillo is in Exclude list
2025-10-26 01:00:50,776 - mainapp - INFO - User lkubat is in Exclude list
2025-10-26 01:03:43,065 - mainapp - INFO - User ktelker is in Exclude list
2025-10-26 01:04:00,752 - mainapp - INFO - User rsorense is in Exclude list
2025-10-26 01:07:30,736 - mainapp - INFO - User sjeong is in Exclude list
2025-10-26 01:07:30,738 - mainapp - INFO - User psheth is in Exclude list
2025-10-26 01:09:24,615 - mainapp - INFO - User dpersons is in Exclude list
2025-10-26 01:11:57,888 - mainapp - INFO - User snalezna is in Exclude list
2025-10-26 01:13:40,950 - mainapp - INFO - User mszewczy is in Exclude list
2025-10-26 01:19:44,398 - mainapp - INFO - User astanek is in Exclude list
2025-10-26 01:19:44,881 - mainapp - ERROR - Error updating CUCM for mhayashi: 'NoneType' object has no attribute 'get'
2025-10-26 01:20:28,929 - mainapp - INFO - User rsmolins is in Exclude list
2025-10-26 01:24:34,719 - mainapp - INFO - User tdeary is in Exclude list
2025-10-26 01:25:23,235 - mainapp - INFO - User danrodri is in Exclude list
2025-10-26 01:26:43,604 - mainapp - INFO - User jburawa is in Exclude list
2025-10-26 01:27:18,027 - mainapp - INFO - User kpietka is in Exclude list
2025-10-26 01:27:18,028 - mainapp - INFO - User dsavchen is in Exclude list
2025-10-26 01:28:06,783 - mainapp - INFO - User kkuchno is in Exclude list
2025-10-26 01:31:34,763 - mainapp - INFO - User lfigursk is in Exclude list
2025-10-26 01:34:01,636 - mainapp - INFO - User jcalvar is in Exclude list
2025-10-26 01:34:16,617 - mainapp - INFO - User kkudo is in Exclude list
2025-10-26 01:34:16,618 - mainapp - INFO - User jopark is in Exclude list
2025-10-26 01:37:26,871 - mainapp - INFO - User ashaw is in Exclude list
2025-10-26 01:38:56,194 - mainapp - INFO - User kafukush is in Exclude list
2025-10-26 01:38:56,631 - mainapp - INFO - User kkopczew is in Exclude list
2025-10-26 01:39:27,187 - mainapp - INFO - User fbauer is in Exclude list
2025-10-26 01:40:57,812 - mainapp - INFO - User mbukala is in Exclude list
2025-10-26 01:40:57,814 - mainapp - INFO - User amichals is in Exclude list
2025-10-26 01:41:12,665 - mainapp - INFO - User jkomarek is in Exclude list
2025-10-26 01:45:56,829 - mainapp - INFO - User kwozniak is in Exclude list
2025-10-26 01:46:26,250 - mainapp - INFO - User kkoziel is in Exclude list
2025-10-26 01:46:26,251 - mainapp - INFO - User mmaciasz is in Exclude list
2025-10-26 01:46:40,964 - mainapp - INFO - User abielicz is in Exclude list
2025-10-26 01:46:57,054 - mainapp - INFO - User morzol is in Exclude list
2025-10-26 01:46:57,055 - mainapp - INFO - User mbobek is in Exclude list
2025-10-26 01:46:57,055 - mainapp - INFO - User jrzadca is in Exclude list
2025-10-26 01:46:57,055 - mainapp - INFO - User jgorski is in Exclude list
2025-10-26 01:47:11,857 - mainapp - INFO - User hsato is in Exclude list
2025-10-26 01:49:26,699 - mainapp - INFO - User rshinde is in Exclude list
2025-10-26 01:50:10,824 - mainapp - INFO - User mswarycz is in Exclude list
2025-10-26 01:50:42,141 - mainapp - INFO - User kgorny is in Exclude list
2025-10-26 01:51:26,879 - mainapp - INFO - User cefernan is in Exclude list
2025-10-26 01:51:41,813 - mainapp - INFO - User cclancy is in Exclude list
2025-10-26 01:51:41,814 - mainapp - INFO - User yumarov is in Exclude list
2025-10-26 01:53:00,122 - mainapp - INFO - User rkeeney is in Exclude list
2025-10-26 01:53:59,691 - mainapp - INFO - User pvejre is in Exclude list
2025-10-26 01:54:30,373 - mainapp - INFO - User magagas is in Exclude list
2025-10-26 01:58:21,886 - mainapp - INFO - User rstory is in Exclude list
2025-10-26 02:02:52,441 - mainapp - INFO - User emezzogo is in Exclude list
2025-10-26 02:02:52,444 - mainapp - INFO - User jesthomp is in Exclude list
2025-10-26 02:02:52,444 - mainapp - INFO - User yvargas is in Exclude list
2025-10-26 02:02:52,445 - mainapp - INFO - User sespinos is in Exclude list
2025-10-26 02:03:07,009 - mainapp - INFO - User jdiaz is in Exclude list
2025-10-26 02:03:21,586 - mainapp - INFO - User jperez is in Exclude list
2025-10-26 02:03:50,409 - mainapp - INFO - User jporras is in Exclude list
2025-10-26 02:04:19,184 - mainapp - INFO - User ngonzale is in Exclude list
2025-10-26 02:04:34,208 - mainapp - INFO - User erlorenz is in Exclude list
2025-10-26 02:04:34,208 - mainapp - INFO - User opinedam is in Exclude list
2025-10-26 02:05:47,363 - mainapp - INFO - User pgrzegor is in Exclude list
2025-10-26 02:07:02,544 - mainapp - INFO - User eheys is in Exclude list
2025-10-26 02:07:02,547 - mainapp - INFO - User dpayeton is in Exclude list
2025-10-26 02:07:34,376 - mainapp - INFO - User icontrer is in Exclude list
2025-10-26 02:07:34,377 - mainapp - INFO - User angomez is in Exclude list
2025-10-26 02:09:36,805 - mainapp - INFO - User abowen is in Exclude list
2025-10-26 02:09:53,608 - mainapp - INFO - User jcolvin is in Exclude list
2025-10-26 02:10:53,747 - mainapp - INFO - User kvillalo is in Exclude list
2025-10-26 02:11:09,164 - mainapp - INFO - User dquach is in Exclude list
2025-10-26 02:11:53,615 - mainapp - INFO - User chhamill is in Exclude list
2025-10-26 02:12:55,737 - mainapp - ERROR - Error updating CUCM for nmurillo: 'NoneType' object has no attribute 'get'
2025-10-26 02:16:05,604 - mainapp - INFO - User keyli is in Exclude list
2025-10-26 02:17:36,818 - mainapp - INFO - User sheintz is in Exclude list
2025-10-26 02:17:36,820 - mainapp - INFO - User ralvesba is in Exclude list
2025-10-26 02:21:26,651 - mainapp - INFO - User ancastro is in Exclude list
2025-10-26 02:22:08,149 - mainapp - INFO - User dvittala is in Exclude list
2025-10-26 02:22:58,706 - mainapp - INFO - User avohra is in Exclude list
2025-10-26 02:25:00,364 - mainapp - INFO - User mmagdzio is in Exclude list
2025-10-26 02:26:49,007 - mainapp - INFO - User bhughes is in Exclude list
2025-10-26 02:28:23,418 - mainapp - INFO - User kjurkows is in Exclude list
2025-10-26 02:28:45,550 - mainapp - INFO - User smajmuda is in Exclude list
2025-10-26 02:29:00,866 - mainapp - INFO - User ytapia is in Exclude list
2025-10-26 02:29:36,138 - mainapp - INFO - User pchittor is in Exclude list
2025-10-26 02:30:35,452 - mainapp - INFO - User hugaldea is in Exclude list
2025-10-26 02:31:12,227 - mainapp - INFO - User fsalazar is in Exclude list
2025-10-26 02:31:12,227 - mainapp - INFO - User avincent is in Exclude list
2025-10-26 02:31:55,036 - mainapp - INFO - User dbowling is in Exclude list
2025-10-26 02:31:55,037 - mainapp - INFO - User msknadaj is in Exclude list
2025-10-26 02:35:54,169 - mainapp - INFO - User ukopacz is in Exclude list
2025-10-26 02:35:54,171 - mainapp - INFO - User karias is in Exclude list
2025-10-26 02:37:24,370 - mainapp - INFO - User gcarmona is in Exclude list
2025-10-26 02:37:24,373 - mainapp - INFO - User abermude is in Exclude list
2025-10-26 02:45:12,630 - mainapp - INFO - User pscheffl is in Exclude list
2025-10-26 02:47:47,903 - mainapp - INFO - User rhinton is in Exclude list
2025-10-26 02:48:06,376 - mainapp - ERROR - Error updating CUCM for rcoletti: 'NoneType' object has no attribute 'get'
2025-10-26 02:49:00,499 - mainapp - INFO - User fviquezr is in Exclude list
2025-10-26 02:50:01,778 - mainapp - INFO - User mgrela is in Exclude list
2025-10-26 02:50:01,780 - mainapp - INFO - User jsalle is in Exclude list
2025-10-26 02:50:23,149 - mainapp - INFO - User rraimond is in Exclude list
2025-10-26 02:51:00,519 - mainapp - INFO - User npoojary is in Exclude list
2025-10-26 02:51:38,482 - mainapp - INFO - User dabui is in Exclude list
2025-10-26 02:52:27,460 - mainapp - INFO - User afonseca is in Exclude list
2025-10-26 02:54:57,824 - mainapp - INFO - User aboleniu is in Exclude list
2025-10-26 02:55:51,107 - mainapp - INFO - User ttakeda is in Exclude list
2025-10-26 02:56:28,239 - mainapp - INFO - User chope is in Exclude list
2025-10-26 02:59:21,520 - mainapp - INFO - User tbancrof is in Exclude list
2025-10-26 03:01:31,450 - mainapp - INFO - User wyow is in Exclude list
2025-10-26 03:04:12,732 - mainapp - INFO - User clalinde is in Exclude list
2025-10-26 03:07:59,532 - mainapp - INFO - User mnietoum is in Exclude list
2025-10-26 03:07:59,534 - mainapp - INFO - User vmadrizr is in Exclude list
2025-10-26 03:08:35,635 - mainapp - INFO - User apicados is in Exclude list
2025-10-26 03:11:17,358 - mainapp - INFO - User fsantann is in Exclude list
2025-10-26 03:11:17,360 - mainapp - INFO - User lgaldino is in Exclude list
2025-10-26 03:11:17,361 - mainapp - INFO - User arodrigo is in Exclude list
2025-10-26 03:12:29,412 - mainapp - INFO - User adiazher is in Exclude list
2025-10-26 03:13:03,960 - mainapp - INFO - User mvarco is in Exclude list
2025-10-26 03:13:04,393 - mainapp - INFO - User aligorio is in Exclude list
2025-10-26 03:13:04,393 - mainapp - INFO - User tpereira is in Exclude list
2025-10-26 03:13:23,563 - mainapp - INFO - User lcassian is in Exclude list
2025-10-26 03:13:23,564 - mainapp - INFO - User rcavalhe is in Exclude list
2025-10-26 03:14:50,353 - mainapp - INFO - User gdeolive is in Exclude list
2025-10-26 03:14:50,355 - mainapp - INFO - User ddeolive is in Exclude list
2025-10-26 03:14:50,355 - mainapp - INFO - User msiemczo is in Exclude list
2025-10-26 03:14:50,355 - mainapp - INFO - User jcieciwa is in Exclude list
2025-10-26 03:15:07,625 - mainapp - INFO - User mkowal is in Exclude list
2025-10-26 03:15:08,602 - mainapp - ERROR - Error updating CUCM for ismith: 'NoneType' object has no attribute 'get'
2025-10-26 03:15:18,596 - mainapp - INFO - User jnowakow is in Exclude list
2025-10-26 03:15:18,597 - mainapp - INFO - User pzagorsk is in Exclude list
2025-10-26 03:15:18,598 - mainapp - INFO - User mdobrzan is in Exclude list
2025-10-26 03:20:48,735 - mainapp - INFO - User dmasispo is in Exclude list
2025-10-26 03:20:48,738 - mainapp - INFO - User balfaroh is in Exclude list
2025-10-26 03:21:24,172 - mainapp - INFO - User jesanche is in Exclude list
2025-10-26 03:21:24,175 - mainapp - INFO - User anarodri is in Exclude list
2025-10-26 03:22:29,613 - mainapp - INFO - User mluzar is in Exclude list
2025-10-26 03:23:39,379 - mainapp - INFO - User abenharo is in Exclude list
2025-10-26 03:24:30,391 - mainapp - INFO - User dcabrera is in Exclude list
2025-10-26 03:24:30,872 - mainapp - ERROR - Error updating CUCM for rjhangia: 'NoneType' object has no attribute 'get'
2025-10-26 03:25:11,389 - mainapp - INFO - User ztouzani is in Exclude list
2025-10-26 03:26:02,410 - mainapp - INFO - User halvarez is in Exclude list
2025-10-26 03:26:02,411 - mainapp - INFO - User sbroxmey is in Exclude list
2025-10-26 03:26:02,411 - mainapp - INFO - User akattner is in Exclude list
2025-10-26 03:26:54,084 - mainapp - INFO - User rapatel is in Exclude list
2025-10-26 03:27:08,961 - mainapp - INFO - User ephair is in Exclude list
2025-10-26 03:28:41,929 - mainapp - ERROR - Error updating CUCM for mziolkow: 'NoneType' object has no attribute 'get'
2025-10-26 03:29:13,486 - mainapp - INFO - User mkaczyns is in Exclude list
2025-10-26 03:29:30,433 - mainapp - ERROR - Error updating CUCM for zpan: 'NoneType' object has no attribute 'get'
2025-10-26 03:30:45,432 - mainapp - INFO - User hkojima is in Exclude list
2025-10-26 03:31:40,590 - mainapp - INFO - User drhymer is in Exclude list
2025-10-26 03:36:17,453 - mainapp - ERROR - Error updating CUCM for omozol: 'NoneType' object has no attribute 'get'
2025-10-26 03:36:27,039 - mainapp - INFO - User acoloadi is in Exclude list
2025-10-26 03:41:04,103 - mainapp - ERROR - Error updating CUCM for dromansk: 'NoneType' object has no attribute 'get'
2025-10-26 03:42:12,153 - mainapp - INFO - User svenkate is in Exclude list
2025-10-26 03:42:46,038 - mainapp - INFO - User anherrer is in Exclude list
2025-10-26 03:43:01,097 - mainapp - INFO - User mmuffang is in Exclude list
2025-10-26 03:43:01,588 - mainapp - ERROR - Error updating CUCM for krichesi: 'NoneType' object has no attribute 'get'
2025-10-26 03:44:17,659 - mainapp - ERROR - Error updating CUCM for dakenned: 'NoneType' object has no attribute 'get'
2025-10-26 03:47:34,822 - mainapp - INFO - User mmarzec is in Exclude list
2025-10-26 03:47:54,259 - mainapp - INFO - User jlippa is in Exclude list
2025-10-26 03:47:54,728 - mainapp - ERROR - Error updating CUCM for brmccart: 'NoneType' object has no attribute 'get'
2025-10-26 03:48:35,127 - mainapp - ERROR - Error updating CUCM for ddondyk: 'NoneType' object has no attribute 'get'
2025-10-26 03:48:47,895 - mainapp - INFO - User rkaur is in Exclude list
2025-10-26 03:49:35,558 - mainapp - ERROR - Error updating CUCM for kying: 'NoneType' object has no attribute 'get'
2025-10-26 03:53:55,148 - mainapp - INFO - User naraumi is in Exclude list
2025-10-26 03:53:55,149 - mainapp - INFO - User yendo is in Exclude list
2025-10-26 03:54:27,073 - mainapp - INFO - User pbhaleka is in Exclude list
2025-10-26 03:56:07,220 - mainapp - INFO - User nmunoz is in Exclude list
2025-10-26 03:59:12,368 - mainapp - INFO - User ygoto is in Exclude list
2025-10-26 03:59:41,658 - mainapp - INFO - User mbiedron is in Exclude list
2025-10-26 04:05:46,019 - mainapp - INFO - User cgarro is in Exclude list
2025-10-26 04:05:46,022 - mainapp - INFO - User ksonoda is in Exclude list
2025-10-26 04:10:35,327 - mainapp - INFO - User jamarra is in Exclude list
2025-10-26 04:10:50,476 - mainapp - INFO - User djaszczy is in Exclude list
2025-10-26 04:10:50,478 - mainapp - INFO - User aschall is in Exclude list
2025-10-26 04:12:23,944 - mainapp - INFO - User dkarpik is in Exclude list
2025-10-26 04:12:23,947 - mainapp - INFO - User pjanosz is in Exclude list
2025-10-26 04:13:17,297 - mainapp - ERROR - Error updating CUCM for sphan: 'NoneType' object has no attribute 'get'
2025-10-26 04:14:46,426 - mainapp - INFO - User hoji is in Exclude list
2025-10-26 04:20:03,359 - mainapp - ERROR - Error updating CUCM for hchehemh: 'NoneType' object has no attribute 'get'
2025-10-26 04:20:27,990 - mainapp - INFO - User efeinste is in Exclude list
2025-10-26 04:20:59,540 - mainapp - INFO - User jurolda is in Exclude list
2025-10-26 04:22:30,033 - mainapp - INFO - User hhokari is in Exclude list
2025-10-26 04:24:16,157 - mainapp - INFO - User marphill is in Exclude list
2025-10-26 04:25:35,794 - mainapp - INFO - User jcoto is in Exclude list
2025-10-26 04:25:35,795 - mainapp - INFO - User pparajel is in Exclude list
2025-10-26 04:25:35,795 - mainapp - INFO - User chchan is in Exclude list
2025-10-26 04:28:35,026 - mainapp - INFO - User aghauri is in Exclude list
2025-10-26 04:30:27,459 - mainapp - INFO - User mabratan is in Exclude list
2025-10-26 04:30:48,088 - mainapp - INFO - User nbieryt is in Exclude list
2025-10-26 04:32:36,883 - mainapp - INFO - User dbugaj is in Exclude list
2025-10-26 04:32:51,478 - mainapp - INFO - User mczechow is in Exclude list
2025-10-26 04:32:51,479 - mainapp - INFO - User smorales is in Exclude list
2025-10-26 04:32:51,480 - mainapp - INFO - User hnagamat is in Exclude list
2025-10-26 04:32:51,480 - mainapp - INFO - User kdykes is in Exclude list
2025-10-26 04:34:26,244 - mainapp - INFO - User fazilan is in Exclude list
2025-10-26 04:35:30,070 - mainapp - INFO - User topate is in Exclude list
2025-10-26 04:36:04,009 - mainapp - INFO - User maxsulli is in Exclude list
2025-10-26 04:36:04,010 - mainapp - INFO - User aram is in Exclude list
2025-10-26 04:37:11,456 - mainapp - INFO - User alesniew is in Exclude list
2025-10-26 04:37:11,457 - mainapp - INFO - User lkrawczy is in Exclude list
2025-10-26 04:39:34,880 - mainapp - INFO - User mbernard is in Exclude list
2025-10-26 04:41:57,392 - mainapp - INFO - User flopez is in Exclude list
2025-10-26 04:42:17,495 - mainapp - INFO - User jmorales is in Exclude list
2025-10-26 04:42:34,880 - mainapp - ERROR - Error updating CUCM for jlorenz: 'NoneType' object has no attribute 'get'
2025-10-26 04:44:05,147 - mainapp - INFO - User edsouza is in Exclude list
2025-10-26 04:45:07,211 - mainapp - ERROR - Error updating CUCM for yhamada: 'NoneType' object has no attribute 'get'
2025-10-26 04:47:43,425 - mainapp - INFO - User wkleczar is in Exclude list
2025-10-26 04:47:43,893 - mainapp - ERROR - Error updating CUCM for mawojci: 'NoneType' object has no attribute 'get'
2025-10-26 04:47:53,713 - mainapp - ERROR - Error updating CUCM for mpszczol: 'NoneType' object has no attribute 'get'
2025-10-26 04:48:34,757 - mainapp - INFO - User pvindash is in Exclude list
2025-10-26 04:48:34,759 - mainapp - INFO - User csaborio is in Exclude list
2025-10-26 04:48:34,760 - mainapp - INFO - User kata is in Exclude list
2025-10-26 04:49:57,487 - mainapp - INFO - User sgandotr is in Exclude list
2025-10-26 04:50:12,384 - mainapp - INFO - User pcatapan is in Exclude list
2025-10-26 04:50:44,589 - mainapp - ERROR - Error updating CUCM for ederkows: 'NoneType' object has no attribute 'get'
2025-10-26 04:51:26,482 - mainapp - ERROR - Error updating CUCM for joum: 'NoneType' object has no attribute 'get'
2025-10-26 04:54:55,109 - mainapp - INFO - User kotoole is in Exclude list
2025-10-26 04:58:25,974 - mainapp - INFO - User tgarciag is in Exclude list
2025-10-26 04:58:55,469 - mainapp - INFO - User mmorriss is in Exclude list
2025-10-26 05:03:29,905 - mainapp - INFO - User makell is in Exclude list
2025-10-26 05:03:45,342 - mainapp - INFO - User adlenno is in Exclude list
2025-10-26 05:03:45,343 - mainapp - INFO - User anguze is in Exclude list
2025-10-26 05:04:33,403 - mainapp - INFO - User cimcnult is in Exclude list
2025-10-26 05:08:04,380 - mainapp - INFO - User jdamas is in Exclude list
2025-10-26 05:09:50,473 - mainapp - INFO - User jgaritav is in Exclude list
2025-10-26 05:09:50,475 - mainapp - INFO - User minavarr is in Exclude list
2025-10-26 05:10:12,664 - mainapp - INFO - User vrodrigu is in Exclude list
2025-10-26 05:10:42,477 - mainapp - INFO - User mjimenez is in Exclude list
2025-10-26 05:11:34,590 - mainapp - ERROR - Error updating CUCM for jpalagir: 'NoneType' object has no attribute 'get'
2025-10-26 05:12:22,216 - mainapp - ERROR - Error updating CUCM for anmichal: 'NoneType' object has no attribute 'get'
2025-10-26 05:12:52,198 - mainapp - INFO - User dbae is in Exclude list
2025-10-26 05:12:52,199 - mainapp - INFO - User msain is in Exclude list
2025-10-26 05:12:52,199 - mainapp - INFO - User cleiton is in Exclude list
2025-10-26 05:15:30,869 - mainapp - INFO - User lapicar is in Exclude list
2025-10-26 05:16:02,915 - mainapp - INFO - User aljimene is in Exclude list
2025-10-26 05:16:52,786 - mainapp - ERROR - Error updating CUCM for skonda: 'NoneType' object has no attribute 'get'
2025-10-26 07:24:36,203 - mainapp - INFO - User cuwan is in Exclude list
2025-10-26 07:25:32,183 - mainapp - INFO - User mmusto is in Exclude list
2025-10-26 07:27:57,343 - mainapp - INFO - User matry is in Exclude list
2025-10-26 07:27:57,755 - mainapp - INFO - User fmora is in Exclude list
2025-10-26 07:27:57,756 - mainapp - INFO - User ebrenes is in Exclude list
2025-10-26 07:27:58,142 - mainapp - INFO - User dasot is in Exclude list
2025-10-26 07:27:58,659 - mainapp - ERROR - Error updating CUCM for mstepien: 'NoneType' object has no attribute 'get'
2025-10-26 07:29:34,112 - mainapp - INFO - User jseo is in Exclude list
2025-10-26 07:30:11,732 - mainapp - INFO - User kjucha is in Exclude list
2025-10-26 07:31:32,932 - mainapp - INFO - User jceballo is in Exclude list
2025-10-26 07:32:17,546 - mainapp - INFO - User adpanwa is in Exclude list
2025-10-26 07:32:17,547 - mainapp - INFO - User ykaneko is in Exclude list
2025-10-26 07:32:42,733 - mainapp - INFO - User ewright is in Exclude list
2025-10-26 07:32:42,733 - mainapp - INFO - User luzammi is in Exclude list
2025-10-26 07:32:42,733 - mainapp - INFO - User faduran is in Exclude list
2025-10-26 07:32:42,733 - mainapp - INFO - User jegoimar is in Exclude list
2025-10-26 07:32:42,733 - mainapp - INFO - User dsatkuna is in Exclude list
2025-10-26 07:32:59,564 - mainapp - INFO - User jarouzie is in Exclude list
2025-10-26 07:32:59,565 - mainapp - INFO - User jusemaa is in Exclude list
2025-10-26 07:33:49,780 - mainapp - INFO - User crjimene is in Exclude list
2025-10-26 07:33:50,189 - mainapp - INFO - User mlesiak is in Exclude list
2025-10-26 07:34:29,384 - mainapp - INFO - User pbar is in Exclude list
2025-10-26 07:34:29,385 - mainapp - INFO - User jpotocze is in Exclude list
2025-10-26 07:34:29,385 - mainapp - INFO - User adolezik is in Exclude list
2025-10-26 07:34:45,802 - mainapp - INFO - User dponiedz is in Exclude list
2025-10-26 07:35:01,185 - mainapp - INFO - User wstelmac is in Exclude list
2025-10-26 07:35:22,068 - mainapp - INFO - User egracz is in Exclude list
2025-10-26 07:35:43,727 - mainapp - INFO - User mbugajsk is in Exclude list
2025-10-26 07:36:52,031 - mainapp - INFO - User jrudnick is in Exclude list
2025-10-26 07:36:52,034 - mainapp - INFO - User wgorny is in Exclude list
2025-10-26 07:37:08,476 - mainapp - INFO - User jorhartm is in Exclude list
2025-10-26 07:39:04,330 - mainapp - INFO - User ccta is in Exclude list
2025-10-26 07:39:26,237 - mainapp - INFO - User bbarboza is in Exclude list
2025-10-26 07:39:26,239 - mainapp - INFO - User abocaj is in Exclude list
2025-10-26 07:41:29,213 - mainapp - INFO - User mcampos is in Exclude list
2025-10-26 07:43:20,773 - mainapp - INFO - User cvinasxi is in Exclude list
2025-10-26 07:44:36,226 - mainapp - INFO - User saskar is in Exclude list
2025-10-26 07:45:07,395 - mainapp - INFO - User jefsanch is in Exclude list
2025-10-26 07:46:02,449 - mainapp - INFO - User lgrochol is in Exclude list
2025-10-26 07:46:42,731 - mainapp - INFO - User tferreir is in Exclude list
2025-10-26 07:46:59,443 - mainapp - INFO - User bdursun is in Exclude list
2025-10-26 07:48:35,629 - mainapp - ERROR - Error updating CUCM for kzhou: 'NoneType' object has no attribute 'get'
2025-10-26 07:49:07,932 - mainapp - INFO - User jlai is in Exclude list
2025-10-26 07:49:23,386 - mainapp - INFO - User zbhatt is in Exclude list
2025-10-26 07:49:23,386 - mainapp - INFO - User jpriddle is in Exclude list
2025-10-26 07:49:23,387 - mainapp - INFO - User dqojdesh is in Exclude list
2025-10-26 07:50:01,269 - mainapp - ERROR - Error updating CUCM for skorytsk: 'NoneType' object has no attribute 'get'
2025-10-26 07:50:48,791 - mainapp - INFO - User jurui is in Exclude list
2025-10-26 07:50:48,793 - mainapp - INFO - User fspanedd is in Exclude list
2025-10-26 07:50:48,793 - mainapp - INFO - User mlopes is in Exclude list
2025-10-26 07:51:48,663 - mainapp - INFO - User iknapik is in Exclude list
2025-10-26 07:53:09,466 - mainapp - ERROR - Error updating CUCM for jgozdeck: 'NoneType' object has no attribute 'get'
2025-10-26 07:53:19,132 - mainapp - INFO - User mpahire is in Exclude list
2025-10-26 07:54:33,027 - mainapp - INFO - User jaraya is in Exclude list
2025-10-26 07:57:45,348 - mainapp - INFO - User sgamatan is in Exclude list
2025-10-26 07:57:45,870 - mainapp - ERROR - Error updating CUCM for induhiu: 'NoneType' object has no attribute 'get'
2025-10-26 07:58:11,145 - mainapp - ERROR - Error updating CUCM for angutier: 'NoneType' object has no attribute 'get'
2025-10-26 07:58:22,193 - mainapp - ERROR - Error updating CUCM for rlester: 'NoneType' object has no attribute 'get'
2025-10-26 07:58:31,810 - mainapp - ERROR - Error updating CUCM for ansabni: 'NoneType' object has no attribute 'get'
2025-10-26 07:58:47,707 - mainapp - ERROR - Error updating CUCM for bfeibus: 'NoneType' object has no attribute 'get'
2025-10-26 07:59:05,038 - mainapp - ERROR - Error updating CUCM for trakotoz: 'NoneType' object has no attribute 'get'
2025-10-26 07:59:14,963 - mainapp - ERROR - Error updating CUCM for ssantosu: 'NoneType' object has no attribute 'get'
2025-10-26 08:01:49,516 - mainapp - INFO - User shli is in Exclude list
2025-10-26 08:03:15,033 - mainapp - ERROR - Error updating CUCM for ssthapit: 'NoneType' object has no attribute 'get'
2025-10-26 08:03:57,585 - mainapp - INFO - User ndinarle is in Exclude list
2025-10-26 08:03:57,587 - mainapp - INFO - User prpawa is in Exclude list
2025-10-26 08:04:17,713 - mainapp - ERROR - Error updating CUCM for sopon: 'NoneType' object has no attribute 'get'
2025-10-26 08:04:43,239 - mainapp - ERROR - Error updating CUCM for sbenjami: 'NoneType' object has no attribute 'get'
2025-10-26 08:04:53,273 - mainapp - ERROR - Error updating CUCM for bkanagaw: 'NoneType' object has no attribute 'get'
2025-10-26 08:05:03,945 - mainapp - ERROR - Error updating CUCM for nbarbosa: 'NoneType' object has no attribute 'get'
2025-10-26 08:05:14,000 - mainapp - ERROR - Error updating CUCM for thcolema: 'NoneType' object has no attribute 'get'
2025-10-26 08:05:23,649 - mainapp - INFO - User abryan is in Exclude list
2025-10-26 08:05:38,643 - mainapp - INFO - User rmatyjas is in Exclude list
2025-10-26 08:05:39,168 - mainapp - ERROR - Error updating CUCM for pswedrak: 'NoneType' object has no attribute 'get'
2025-10-26 08:06:06,800 - mainapp - INFO - User mciodyk is in Exclude list
2025-10-26 08:07:46,800 - mainapp - INFO - User hjoo is in Exclude list
2025-10-26 08:08:43,992 - mainapp - INFO - User sreyes is in Exclude list
2025-10-26 08:08:43,994 - mainapp - INFO - User jecorte is in Exclude list
2025-10-26 08:11:10,106 - mainapp - INFO - User shaol is in Exclude list
2025-10-26 08:11:32,658 - mainapp - INFO - User ligonzal is in Exclude list
2025-10-26 08:14:49,920 - mainapp - INFO - User atwardos is in Exclude list
2025-10-26 08:15:24,172 - mainapp - INFO - User mwrzesni is in Exclude list
2025-10-26 08:16:28,428 - mainapp - ERROR - Error updating CUCM for acharko: 'NoneType' object has no attribute 'get'
2025-10-26 08:21:05,952 - mainapp - INFO - User jele is in Exclude list
2025-10-26 08:21:06,442 - mainapp - ERROR - Error updating CUCM for jberner: 'NoneType' object has no attribute 'get'
2025-10-26 08:23:27,932 - mainapp - INFO - User nvalenti is in Exclude list
2025-10-26 08:25:27,251 - mainapp - INFO - User smahmood is in Exclude list
2025-10-26 08:26:50,287 - mainapp - INFO - User gbhatia is in Exclude list
2025-10-26 08:26:50,755 - mainapp - ERROR - Error updating CUCM for jonaguil: 'NoneType' object has no attribute 'get'
2025-10-26 08:27:16,959 - mainapp - INFO - User nyasumi is in Exclude list
2025-10-26 08:28:40,762 - mainapp - INFO - User jola is in Exclude list
2025-10-26 08:29:00,245 - mainapp - INFO - User jyuliana is in Exclude list
2025-10-26 08:29:15,818 - mainapp - INFO - User brzhan is in Exclude list
2025-10-26 08:30:01,780 - mainapp - INFO - User ksavla is in Exclude list
2025-10-26 08:30:32,256 - mainapp - INFO - User yozaki is in Exclude list
2025-10-26 08:31:07,750 - mainapp - INFO - User jamorale is in Exclude list
2025-10-26 08:32:15,080 - mainapp - INFO - User dache is in Exclude list
2025-10-26 08:32:33,325 - mainapp - INFO - User malvarad is in Exclude list
2025-10-26 08:35:28,893 - mainapp - INFO - User dar is in Exclude list
2025-10-26 08:38:15,334 - mainapp - INFO - User dmorey is in Exclude list
2025-10-26 08:38:33,697 - mainapp - INFO - User mdepietr is in Exclude list
2025-10-26 08:38:33,699 - mainapp - INFO - User jamille is in Exclude list
2025-10-26 08:40:12,620 - mainapp - INFO - User vtan is in Exclude list
2025-10-26 08:43:50,201 - mainapp - INFO - User mglod is in Exclude list
2025-10-26 08:45:05,380 - mainapp - INFO - User jolivero is in Exclude list
2025-10-26 08:46:11,056 - mainapp - INFO - User zkeatley is in Exclude list
2025-10-26 08:46:11,058 - mainapp - INFO - User jpadilla is in Exclude list
2025-10-26 08:48:32,944 - mainapp - INFO - User ncannon is in Exclude list
2025-10-26 08:48:32,950 - mainapp - INFO - User ntorreca is in Exclude list
2025-10-26 08:48:33,081 - mainapp - INFO - User lavraham is in Exclude list
2025-10-26 08:48:33,093 - mainapp - INFO - User ggoldbla is in Exclude list
2025-10-26 08:48:33,352 - mainapp - INFO - User eelias is in Exclude list
2025-10-26 08:48:33,367 - mainapp - INFO - User nlam is in Exclude list
2025-10-26 08:48:33,397 - mainapp - INFO - User cbuckley is in Exclude list
2025-10-26 08:48:33,415 - mainapp - INFO - User drubel is in Exclude list
2025-10-26 08:48:33,431 - mainapp - INFO - User jore is in Exclude list
2025-10-26 08:48:33,453 - mainapp - INFO - User mkrikori is in Exclude list
2025-10-26 08:48:33,522 - mainapp - INFO - User nshelley is in Exclude list
2025-10-26 08:48:33,657 - mainapp - INFO - User kpina is in Exclude list
2025-10-26 08:48:33,772 - mainapp - INFO - User dsilva is in Exclude list
2025-10-26 08:48:33,807 - mainapp - INFO - User tnorlin is in Exclude list
2025-10-26 08:48:33,807 - mainapp - INFO - User jgath is in Exclude list
2025-10-26 08:48:33,888 - mainapp - INFO - User jchuah is in Exclude list
2025-10-26 08:48:33,967 - mainapp - INFO - User rolope is in Exclude list
2025-10-26 08:48:33,980 - mainapp - INFO - User mcarvaja is in Exclude list
2025-10-26 08:48:33,986 - mainapp - INFO - User bsantos is in Exclude list
2025-10-26 08:48:34,043 - mainapp - INFO - User jiespino is in Exclude list
2025-10-26 08:48:34,053 - mainapp - INFO - User elai is in Exclude list
2025-10-26 08:48:34,131 - mainapp - INFO - User erubinsh is in Exclude list
2025-10-26 08:48:34,141 - mainapp - INFO - User gcontrer is in Exclude list
2025-10-26 08:48:34,146 - mainapp - INFO - User abarnas is in Exclude list
2025-10-26 08:48:34,151 - mainapp - INFO - User nonubogu is in Exclude list
2025-10-26 08:48:34,191 - mainapp - INFO - User klaw is in Exclude list
2025-10-26 08:48:34,234 - mainapp - INFO - User paszczot is in Exclude list
2025-10-26 08:48:34,238 - mainapp - INFO - User makowa is in Exclude list
2025-10-26 08:48:34,243 - mainapp - INFO - User jchereso is in Exclude list
2025-10-26 08:48:34,292 - mainapp - INFO - User lnase is in Exclude list
2025-10-26 08:48:34,327 - mainapp - INFO - User dacabrer is in Exclude list
2025-10-26 08:48:34,408 - mainapp - INFO - User hesha is in Exclude list
2025-10-26 08:48:34,487 - mainapp - INFO - User esantosu is in Exclude list
2025-10-26 08:48:34,487 - mainapp - INFO - User bcubra is in Exclude list
2025-10-26 08:48:34,512 - mainapp - INFO - User kramirez is in Exclude list
2025-10-26 08:48:34,545 - mainapp - INFO - User kplocica is in Exclude list
2025-10-26 08:48:34,569 - mainapp - INFO - User alegonza is in Exclude list
2025-10-26 08:48:34,574 - mainapp - INFO - User jmagromo is in Exclude list
2025-10-26 08:48:34,574 - mainapp - INFO - User kpodgors is in Exclude list
2025-10-26 08:48:34,584 - mainapp - INFO - User muabdull is in Exclude list
2025-10-26 08:48:34,599 - mainapp - INFO - User lubeltra is in Exclude list
2025-10-26 08:48:34,641 - mainapp - INFO - User mfairnen is in Exclude list
2025-10-26 08:48:34,646 - mainapp - INFO - User kyai is in Exclude list
2025-10-26 08:48:34,695 - mainapp - INFO - User amcanova is in Exclude list
2025-10-26 08:48:34,706 - mainapp - INFO - User nkarim is in Exclude list
2025-10-26 08:48:34,706 - mainapp - INFO - User icampos is in Exclude list
2025-10-26 08:48:34,712 - mainapp - INFO - User zalqudah is in Exclude list
2025-10-26 08:48:34,755 - mainapp - INFO - User hed is in Exclude list
2025-10-26 08:48:34,776 - mainapp - INFO - User karaya is in Exclude list
2025-10-26 08:48:34,788 - mainapp - INFO - User mmendes is in Exclude list
2025-10-26 08:48:34,797 - mainapp - INFO - User aoliveir is in Exclude list
2025-10-26 08:48:34,837 - mainapp - INFO - User roorodri is in Exclude list
2025-10-26 08:48:34,853 - mainapp - INFO - User skattel is in Exclude list
2025-10-26 08:48:34,853 - mainapp - INFO - User mazu is in Exclude list
2025-10-26 08:48:34,858 - mainapp - INFO - User poliveir is in Exclude list
2025-10-26 08:48:34,877 - mainapp - INFO - User amarchen is in Exclude list
2025-10-26 08:48:34,882 - mainapp - INFO - User rybel is in Exclude list
2025-10-26 08:48:34,895 - mainapp - INFO - User vleung is in Exclude list
2025-10-26 08:48:34,895 - mainapp - INFO - User tpasaper is in Exclude list
2025-10-26 08:48:34,910 - mainapp - INFO - User scjosep is in Exclude list
2025-10-26 08:48:34,957 - mainapp - INFO - User aenslow is in Exclude list
2025-10-26 08:48:34,984 - mainapp - INFO - User yarvarg is in Exclude list
2025-10-26 08:48:34,984 - mainapp - INFO - User dcasarol is in Exclude list
2025-10-26 08:48:35,013 - mainapp - INFO - User vcohenre is in Exclude list
2025-10-26 08:48:35,089 - mainapp - INFO - User cstory is in Exclude list
2025-10-26 08:48:35,112 - mainapp - INFO - User cvanoost is in Exclude list
2025-10-26 08:48:35,175 - mainapp - INFO - User gguarin is in Exclude list
2025-10-26 08:48:35,175 - mainapp - INFO - User awarhurs is in Exclude list
2025-10-26 08:48:35,197 - mainapp - INFO - User aragoona is in Exclude list
2025-10-26 08:48:35,223 - mainapp - INFO - User akritsin is in Exclude list
2025-10-26 08:48:35,228 - mainapp - INFO - User aotarola is in Exclude list
2025-10-26 08:48:35,228 - mainapp - INFO - User ponaya is in Exclude list
2025-10-26 08:48:35,228 - mainapp - INFO - User anwo is in Exclude list
2025-10-26 08:48:35,277 - mainapp - INFO - User sstager is in Exclude list
2025-10-26 08:48:35,314 - mainapp - INFO - User smccabe is in Exclude list
2025-10-26 08:48:35,430 - mainapp - INFO - User ccravens is in Exclude list
2025-10-26 08:48:35,444 - mainapp - INFO - User ddillon is in Exclude list
2025-10-26 08:48:35,508 - mainapp - INFO - User qgilyard is in Exclude list
2025-10-26 08:48:35,508 - mainapp - INFO - User mijone is in Exclude list
2025-10-26 08:48:35,523 - mainapp - INFO - User pwoods is in Exclude list
2025-10-26 08:48:35,523 - mainapp - INFO - User chharri is in Exclude list
2025-10-26 08:48:35,539 - mainapp - INFO - User ameyers is in Exclude list
2025-10-26 08:48:35,539 - mainapp - INFO - User rmoyer is in Exclude list
2025-10-26 08:48:35,540 - mainapp - INFO - User evaldez is in Exclude list
2025-10-26 08:48:35,544 - mainapp - INFO - User asilverm is in Exclude list
2025-10-26 08:48:35,549 - mainapp - INFO - User rgerke is in Exclude list
2025-10-26 08:48:35,569 - mainapp - INFO - User aorlowsk is in Exclude list
2025-10-26 08:48:35,584 - mainapp - INFO - User scrane is in Exclude list
2025-10-26 08:48:35,606 - mainapp - INFO - User cmcfarla is in Exclude list
2025-10-26 08:48:35,613 - mainapp - INFO - User mfischle is in Exclude list
2025-10-26 08:48:35,656 - mainapp - INFO - User jyoo is in Exclude list
2025-10-26 08:48:35,714 - mainapp - INFO - User bdhondt is in Exclude list
2025-10-26 08:48:35,714 - mainapp - INFO - User jokeeffe is in Exclude list
2025-10-26 08:48:35,714 - mainapp - INFO - User bstivers is in Exclude list
2025-10-26 08:48:35,714 - mainapp - INFO - User imckenzi is in Exclude list
2025-10-26 08:48:35,740 - mainapp - INFO - User jecochar is in Exclude list
2025-10-26 08:48:35,752 - mainapp - INFO - User jgenereu is in Exclude list
2025-10-26 08:48:35,759 - mainapp - INFO - User astable is in Exclude list
2025-10-26 08:48:35,759 - mainapp - INFO - User mchialas is in Exclude list
2025-10-26 08:48:35,773 - mainapp - INFO - User mipeter is in Exclude list
2025-10-26 08:48:35,773 - mainapp - INFO - User ashetzle is in Exclude list
2025-10-26 08:48:35,819 - mainapp - INFO - User wmarantz is in Exclude list
2025-10-26 08:48:35,864 - mainapp - INFO - User yyoon is in Exclude list
2025-10-26 08:48:35,903 - mainapp - INFO - User wpangioc is in Exclude list
2025-10-26 08:48:35,922 - mainapp - INFO - User jstraczy is in Exclude list
2025-10-26 08:48:35,927 - mainapp - INFO - User eclyne is in Exclude list
2025-10-26 08:48:35,927 - mainapp - INFO - User jbounmas is in Exclude list
2025-10-26 08:48:35,938 - mainapp - INFO - User mpolat is in Exclude list
2025-10-26 08:48:35,955 - mainapp - INFO - User eruzansk is in Exclude list
2025-10-26 08:48:35,956 - mainapp - INFO - User bparker is in Exclude list
2025-10-26 08:48:35,956 - mainapp - INFO - User mcrowe is in Exclude list
2025-10-26 08:48:35,956 - mainapp - INFO - User jbagwell is in Exclude list
2025-10-26 08:48:35,982 - mainapp - INFO - User zanderso is in Exclude list
2025-10-26 08:48:35,982 - mainapp - INFO - User hdiep is in Exclude list
2025-10-26 08:48:35,982 - mainapp - INFO - User pgoebel is in Exclude list
2025-10-26 08:48:35,982 - mainapp - INFO - User phischie is in Exclude list
2025-10-26 08:48:35,989 - mainapp - INFO - User joshartm is in Exclude list
2025-10-26 08:48:35,989 - mainapp - INFO - User nsemanch is in Exclude list
2025-10-26 08:48:36,037 - mainapp - INFO - User tforgero is in Exclude list
2025-10-26 08:48:36,080 - mainapp - INFO - User rbaezesq is in Exclude list
2025-10-26 08:48:36,141 - mainapp - INFO - User bduer is in Exclude list
2025-10-26 08:48:36,155 - mainapp - INFO - User joyoo is in Exclude list
2025-10-26 08:48:36,199 - mainapp - INFO - User smunizsh is in Exclude list
2025-10-26 08:48:36,264 - mainapp - INFO - User rlizanog is in Exclude list
2025-10-26 08:48:36,290 - mainapp - INFO - User mluna is in Exclude list
2025-10-26 08:48:36,290 - mainapp - INFO - User cchein is in Exclude list
2025-10-26 08:48:36,322 - mainapp - INFO - User yyamazak is in Exclude list
2025-10-26 08:48:36,353 - mainapp - INFO - User mvazquez is in Exclude list
2025-10-26 08:48:36,358 - mainapp - INFO - User operez is in Exclude list
2025-10-26 08:48:36,371 - mainapp - INFO - User jogonzal is in Exclude list
2025-10-26 08:48:36,398 - mainapp - INFO - User fcaballe is in Exclude list
2025-10-26 08:48:36,437 - mainapp - INFO - User srgovind is in Exclude list
2025-10-26 08:48:36,442 - mainapp - INFO - User vfurtado is in Exclude list
2025-10-26 08:48:36,442 - mainapp - INFO - User rgirija is in Exclude list
2025-10-26 08:48:36,491 - mainapp - INFO - User chbrow is in Exclude list
2025-10-26 08:48:36,492 - mainapp - INFO - User ccostanz is in Exclude list
2025-10-26 08:48:36,496 - mainapp - INFO - User nczarnik is in Exclude list
2025-10-26 08:48:36,518 - mainapp - INFO - User mflorek is in Exclude list
2025-10-26 08:48:36,523 - mainapp - INFO - User ekazior is in Exclude list
2025-10-26 08:48:36,551 - mainapp - INFO - User tmachej is in Exclude list
2025-10-26 08:48:36,557 - mainapp - INFO - User mamartin is in Exclude list
2025-10-26 08:48:36,557 - mainapp - INFO - User jvalverd is in Exclude list
2025-10-26 08:48:36,557 - mainapp - INFO - User dortiz is in Exclude list
2025-10-26 08:48:36,634 - mainapp - INFO - User mslavkof is in Exclude list
2025-10-26 08:48:36,694 - mainapp - INFO - User vdelrio is in Exclude list
2025-10-26 08:48:36,700 - mainapp - INFO - User mroyer is in Exclude list
2025-10-26 08:48:36,705 - mainapp - INFO - User kgryga is in Exclude list
2025-10-26 08:48:36,738 - mainapp - INFO - User avillalo is in Exclude list
2025-10-26 08:48:36,989 - mainapp - INFO - User mahuan is in Exclude list
2025-10-26 08:48:37,008 - mainapp - INFO - User mfainzil is in Exclude list
2025-10-26 08:48:37,040 - mainapp - INFO - User jocha is in Exclude list
2025-10-26 08:48:37,110 - mainapp - INFO - User gattanas is in Exclude list
2025-10-26 08:48:37,154 - mainapp - INFO - User szaharia is in Exclude list
2025-10-26 08:48:37,276 - mainapp - INFO - User acaldera is in Exclude list
2025-10-26 08:48:37,317 - mainapp - INFO - User ramador is in Exclude list
2025-10-26 08:48:37,430 - mainapp - INFO - User alhil is in Exclude list
2025-10-26 08:48:37,436 - mainapp - INFO - User juarosal is in Exclude list
2025-10-26 08:48:37,613 - mainapp - INFO - User amlynarc is in Exclude list
2025-10-26 08:48:37,668 - mainapp - INFO - User ksolorza is in Exclude list
2025-10-26 08:48:37,673 - mainapp - INFO - User nrocznia is in Exclude list
2025-10-26 08:48:37,673 - mainapp - INFO - User joporra is in Exclude list
2025-10-26 08:48:37,678 - mainapp - INFO - User eplazaor is in Exclude list
2025-10-26 08:48:37,678 - mainapp - INFO - User biche is in Exclude list
2025-10-26 08:48:37,721 - mainapp - INFO - User kduda is in Exclude list
2025-10-26 08:48:37,721 - mainapp - INFO - User enase is in Exclude list
2025-10-26 08:48:37,772 - mainapp - INFO - User cvalenti is in Exclude list
2025-10-26 08:48:37,857 - mainapp - INFO - User fauguste is in Exclude list
2025-10-26 08:48:37,857 - mainapp - INFO - User apramod is in Exclude list
2025-10-26 08:48:37,862 - mainapp - INFO - User toton is in Exclude list
2025-10-26 08:48:37,862 - mainapp - INFO - User achwajol is in Exclude list
2025-10-26 08:48:37,862 - mainapp - INFO - User rlopezsa is in Exclude list
2025-10-26 08:48:37,872 - mainapp - INFO - User jbressan is in Exclude list
2025-10-26 08:48:37,971 - mainapp - INFO - User echaverr is in Exclude list
2025-10-26 08:48:37,971 - mainapp - INFO - User kevsmi is in Exclude list
2025-10-26 08:48:37,998 - mainapp - INFO - User aharari is in Exclude list
2025-10-26 08:48:38,098 - mainapp - INFO - User narodrig is in Exclude list
2025-10-26 08:48:38,114 - mainapp - INFO - User hwright is in Exclude list
2025-10-26 08:48:38,125 - mainapp - INFO - User dinguye is in Exclude list
2025-10-26 08:48:38,131 - mainapp - INFO - User tkurowsk is in Exclude list
2025-10-26 08:48:38,152 - mainapp - INFO - User jtoscani is in Exclude list
2025-10-26 08:48:38,152 - mainapp - INFO - User jraygada is in Exclude list
2025-10-26 08:48:38,220 - mainapp - INFO - User smurray is in Exclude list
2025-10-26 08:48:38,255 - mainapp - INFO - User esretan is in Exclude list
2025-10-26 08:48:38,266 - mainapp - INFO - User phaynie is in Exclude list
2025-10-26 08:48:38,266 - mainapp - INFO - User saraya is in Exclude list
2025-10-26 08:48:38,277 - mainapp - INFO - User jugarci is in Exclude list
2025-10-26 08:48:38,277 - mainapp - INFO - User babbott is in Exclude list
2025-10-26 08:48:38,332 - mainapp - INFO - User jhocking is in Exclude list
2025-10-26 08:48:38,480 - mainapp - INFO - User alemarti is in Exclude list
2025-10-26 08:48:38,481 - mainapp - INFO - User thpereir is in Exclude list
2025-10-26 08:48:38,577 - mainapp - INFO - User sashanno is in Exclude list
2025-10-26 08:48:38,596 - mainapp - INFO - User biguo is in Exclude list
2025-10-26 08:48:38,607 - mainapp - INFO - User bwoitowi is in Exclude list
2025-10-26 08:48:38,641 - mainapp - INFO - User eyzaguir is in Exclude list
2025-10-26 08:48:38,707 - mainapp - INFO - User shojlind is in Exclude list
2025-10-26 08:48:38,707 - mainapp - INFO - User mharring is in Exclude list
2025-10-26 08:48:38,707 - mainapp - INFO - User swhybrow is in Exclude list
2025-10-26 08:48:38,712 - mainapp - INFO - User ensumba is in Exclude list
2025-10-26 08:48:38,724 - mainapp - INFO - User dmcdouga is in Exclude list
2025-10-26 08:48:38,896 - mainapp - INFO - User mvakhuti is in Exclude list
2025-10-26 08:48:38,907 - mainapp - INFO - User kazouma is in Exclude list
2025-10-26 08:48:38,907 - mainapp - INFO - User dperez is in Exclude list
2025-10-26 08:48:38,955 - mainapp - INFO - User aretta is in Exclude list
2025-10-26 08:48:38,969 - mainapp - INFO - User lwoodard is in Exclude list
2025-10-26 08:48:38,969 - mainapp - INFO - User byemofio is in Exclude list
2025-10-26 08:48:39,016 - mainapp - INFO - User urajendr is in Exclude list
2025-10-26 08:48:39,016 - mainapp - INFO - User mahsan is in Exclude list
2025-10-26 08:48:39,017 - mainapp - INFO - User mcolomba is in Exclude list
2025-10-26 08:48:39,053 - mainapp - INFO - User lmercer is in Exclude list
2025-10-26 08:48:39,058 - mainapp - INFO - User gajohnso is in Exclude list
2025-10-26 08:48:39,075 - mainapp - INFO - User meubanks is in Exclude list
2025-10-26 08:48:39,093 - mainapp - INFO - User oness is in Exclude list
2025-10-26 08:48:39,140 - mainapp - INFO - User jslazyk is in Exclude list
2025-10-26 08:48:39,166 - mainapp - INFO - User mspiewak is in Exclude list
2025-10-26 08:48:39,247 - mainapp - INFO - User pgouveia is in Exclude list
2025-10-26 08:48:39,250 - mainapp - INFO - User rhamilto is in Exclude list
2025-10-26 08:48:39,307 - mainapp - INFO - User shrahman is in Exclude list
2025-10-26 08:48:39,414 - mainapp - INFO - User dkang is in Exclude list
2025-10-26 08:48:39,414 - mainapp - INFO - User knamatam is in Exclude list
2025-10-26 08:48:39,431 - mainapp - INFO - User inielsen is in Exclude list
2025-10-26 08:48:39,485 - mainapp - INFO - User dafernan is in Exclude list
2025-10-26 08:48:39,548 - mainapp - INFO - User vhumphre is in Exclude list
2025-10-26 08:48:39,751 - mainapp - INFO - User afincato is in Exclude list
2025-10-26 08:48:39,781 - mainapp - INFO - User atang is in Exclude list
2025-10-26 08:48:39,781 - mainapp - INFO - User makelly is in Exclude list
2025-10-26 08:48:39,891 - mainapp - INFO - User astein is in Exclude list
2025-10-26 08:48:39,947 - mainapp - INFO - User bkadam is in Exclude list
2025-10-26 08:48:39,983 - mainapp - INFO - User eestrell is in Exclude list
2025-10-26 08:48:40,144 - mainapp - INFO - User jmessers is in Exclude list
2025-10-26 08:48:40,239 - mainapp - INFO - User liasmith is in Exclude list
2025-10-26 08:48:40,240 - mainapp - INFO - User spalfrey is in Exclude list
2025-10-26 08:48:40,250 - mainapp - INFO - User kirogers is in Exclude list
2025-10-26 08:48:40,250 - mainapp - INFO - User mbolanos is in Exclude list
2025-10-26 08:48:40,250 - mainapp - INFO - User eugalde is in Exclude list
2025-10-26 08:48:40,256 - mainapp - INFO - User jdemarti is in Exclude list
2025-10-26 08:48:40,266 - mainapp - INFO - User ysatoi is in Exclude list
2025-10-26 08:48:40,272 - mainapp - INFO - User mvargasf is in Exclude list
2025-10-26 08:48:40,363 - mainapp - INFO - User jnunez is in Exclude list
2025-10-26 08:48:40,363 - mainapp - INFO - User pingram is in Exclude list
2025-10-26 08:48:40,363 - mainapp - INFO - User ciawilli is in Exclude list
2025-10-26 08:48:40,372 - mainapp - INFO - User cmacisaa is in Exclude list
2025-10-26 08:48:40,381 - mainapp - INFO - User jamcmaho is in Exclude list
2025-10-26 08:48:40,404 - mainapp - INFO - User johmarti is in Exclude list
2025-10-26 08:48:40,424 - mainapp - INFO - User akertz is in Exclude list
2025-10-26 08:48:40,453 - mainapp - INFO - User jgielazi is in Exclude list
2025-10-26 08:48:40,465 - mainapp - INFO - User scarrell is in Exclude list
2025-10-26 08:48:40,486 - mainapp - INFO - User pnordstr is in Exclude list
2025-10-26 08:48:40,502 - mainapp - INFO - User jheckman is in Exclude list
2025-10-26 08:48:40,503 - mainapp - INFO - User cosulliv is in Exclude list
2025-10-26 08:48:40,519 - mainapp - INFO - User kstrug is in Exclude list
2025-10-26 08:48:40,524 - mainapp - INFO - User nmenes is in Exclude list
2025-10-26 08:48:40,525 - mainapp - INFO - User ncerdas is in Exclude list
2025-10-26 08:48:40,525 - mainapp - INFO - User achinchi is in Exclude list
2025-10-26 08:48:40,606 - mainapp - INFO - User afrolov is in Exclude list
2025-10-26 08:48:40,606 - mainapp - INFO - User jcarpent is in Exclude list
2025-10-26 08:48:40,621 - mainapp - INFO - User hpenaher is in Exclude list
2025-10-26 08:48:40,643 - mainapp - INFO - User balmeida is in Exclude list
2025-10-26 08:48:40,699 - mainapp - INFO - User dstoline is in Exclude list
2025-10-26 08:48:40,716 - mainapp - INFO - User mnawoich is in Exclude list
2025-10-26 08:48:40,726 - mainapp - INFO - User elwalker is in Exclude list
2025-10-26 08:48:40,726 - mainapp - INFO - User mkowara is in Exclude list
2025-10-26 08:48:40,726 - mainapp - INFO - User mvalenzu is in Exclude list
2025-10-26 08:48:40,751 - mainapp - INFO - User hstokes is in Exclude list
2025-10-26 08:48:40,793 - mainapp - INFO - User zmarcy is in Exclude list
2025-10-26 08:48:40,821 - mainapp - INFO - User chhernan is in Exclude list
2025-10-26 08:48:40,903 - mainapp - INFO - User pvera is in Exclude list
2025-10-26 08:48:40,943 - mainapp - INFO - User yichen is in Exclude list
2025-10-26 08:48:40,963 - mainapp - INFO - User nismith is in Exclude list
2025-10-26 08:48:40,963 - mainapp - INFO - User apelico is in Exclude list
2025-10-26 08:48:40,968 - mainapp - INFO - User lcamacho is in Exclude list
2025-10-26 08:48:40,992 - mainapp - INFO - User mzaher is in Exclude list
2025-10-26 08:48:40,992 - mainapp - INFO - User jasjohns is in Exclude list
2025-10-26 08:48:41,046 - mainapp - INFO - User manguyen is in Exclude list
2025-10-26 08:48:41,115 - mainapp - INFO - User jdomingu is in Exclude list
2025-10-26 08:48:41,144 - mainapp - INFO - User kdoniec is in Exclude list
2025-10-26 08:48:41,149 - mainapp - INFO - User aknestau is in Exclude list
2025-10-26 08:48:41,149 - mainapp - INFO - User fmaceda is in Exclude list
2025-10-26 08:48:41,149 - mainapp - INFO - User mitran is in Exclude list
2025-10-26 08:48:41,301 - mainapp - INFO - User trussom is in Exclude list
2025-10-26 08:48:41,338 - mainapp - INFO - User angrodri is in Exclude list
2025-10-26 08:48:41,450 - mainapp - INFO - User tshakya is in Exclude list
2025-10-26 08:48:41,471 - mainapp - INFO - User operets is in Exclude list
2025-10-26 08:48:41,471 - mainapp - INFO - User cchi is in Exclude list
2025-10-26 08:48:41,482 - mainapp - INFO - User jsabbouh is in Exclude list
2025-10-26 08:48:41,488 - mainapp - INFO - User nrufino is in Exclude list
2025-10-26 08:48:41,541 - mainapp - INFO - User cbarsonc is in Exclude list
2025-10-26 08:48:41,552 - mainapp - INFO - User wtan is in Exclude list
2025-10-26 08:48:41,573 - mainapp - INFO - User dbasta is in Exclude list
2025-10-26 08:48:41,590 - mainapp - INFO - User jyong is in Exclude list
2025-10-26 08:48:41,650 - mainapp - INFO - User qleuper is in Exclude list
2025-10-26 08:48:41,670 - mainapp - INFO - User jmonteir is in Exclude list
2025-10-26 08:48:41,768 - mainapp - INFO - User alobell is in Exclude list
2025-10-26 08:48:41,881 - mainapp - INFO - User jtalaga is in Exclude list
2025-10-26 08:48:41,895 - mainapp - INFO - User amamytov is in Exclude list
2025-10-26 08:48:41,908 - mainapp - INFO - User dabdulla is in Exclude list
2025-10-26 08:48:41,913 - mainapp - INFO - User nklepfis is in Exclude list
2025-10-26 08:48:41,937 - mainapp - INFO - User joswong is in Exclude list
2025-10-26 08:48:41,961 - mainapp - INFO - User trodrigu is in Exclude list
2025-10-26 08:48:41,975 - mainapp - INFO - User thachimu is in Exclude list
2025-10-26 08:48:41,976 - mainapp - INFO - User aslysz is in Exclude list
2025-10-26 08:48:41,985 - mainapp - INFO - User davilave is in Exclude list
2025-10-26 08:48:41,995 - mainapp - INFO - User kwongshu is in Exclude list
2025-10-26 08:48:42,088 - mainapp - INFO - User monsolan is in Exclude list
2025-10-26 08:48:42,088 - mainapp - INFO - User hsakthiv is in Exclude list
2025-10-26 08:48:42,123 - mainapp - INFO - User tmadriga is in Exclude list
2025-10-26 08:48:42,132 - mainapp - INFO - User akothare is in Exclude list
2025-10-26 08:48:42,206 - mainapp - INFO - User emidavis is in Exclude list
2025-10-26 08:48:42,206 - mainapp - INFO - User aelyaman is in Exclude list
2025-10-26 08:48:42,206 - mainapp - INFO - User earrigo is in Exclude list
2025-10-26 08:48:42,217 - mainapp - INFO - User mnogueir is in Exclude list
2025-10-26 08:48:42,321 - mainapp - INFO - User dsyrokos is in Exclude list
2025-10-26 08:48:42,326 - mainapp - INFO - User jsawicki is in Exclude list
2025-10-26 08:48:42,353 - mainapp - INFO - User dpovoas is in Exclude list
2025-10-26 08:48:42,359 - mainapp - INFO - User klesiak is in Exclude list
2025-10-26 08:48:42,390 - mainapp - INFO - User seconomo is in Exclude list
2025-10-26 08:48:42,396 - mainapp - INFO - User jimbarra is in Exclude list
2025-10-26 08:48:42,406 - mainapp - INFO - User tkhamito is in Exclude list
2025-10-26 08:48:42,411 - mainapp - INFO - User mkallits is in Exclude list
2025-10-26 08:48:42,566 - mainapp - INFO - User bleszczy is in Exclude list
2025-10-26 08:48:42,587 - mainapp - INFO - User osokolov is in Exclude list
2025-10-26 08:48:42,592 - mainapp - INFO - User koschip is in Exclude list
2025-10-26 08:48:42,626 - mainapp - INFO - User acervant is in Exclude list
2025-10-26 08:48:42,706 - mainapp - INFO - User jackerso is in Exclude list
2025-10-26 08:48:42,731 - mainapp - INFO - User melhayek is in Exclude list
2025-10-26 08:48:42,736 - mainapp - INFO - User nwoltman is in Exclude list
2025-10-26 08:48:42,770 - mainapp - INFO - User mbajkows is in Exclude list
2025-10-26 08:48:42,777 - mainapp - INFO - User ppodsiad is in Exclude list
2025-10-26 08:48:42,791 - mainapp - INFO - User mfukano is in Exclude list
2025-10-26 08:48:42,823 - mainapp - INFO - User aroberts is in Exclude list
2025-10-26 08:48:42,834 - mainapp - INFO - User atan is in Exclude list
2025-10-26 08:48:42,902 - mainapp - INFO - User maalfaro is in Exclude list
2025-10-26 08:48:42,916 - mainapp - INFO - User jitan is in Exclude list
2025-10-26 08:48:42,984 - mainapp - INFO - User tnagano is in Exclude list
2025-10-26 08:48:43,039 - mainapp - INFO - User wmartyns is in Exclude list
2025-10-26 08:48:43,058 - mainapp - INFO - User lprunier is in Exclude list
2025-10-26 08:48:43,128 - mainapp - INFO - User bakowal is in Exclude list
2025-10-26 08:48:43,146 - mainapp - INFO - User malsukai is in Exclude list
2025-10-26 08:48:43,310 - mainapp - INFO - User atrinh is in Exclude list
2025-10-26 08:48:43,310 - mainapp - INFO - User jugoldsm is in Exclude list
2025-10-26 08:48:43,406 - mainapp - INFO - User zpiecha is in Exclude list
2025-10-26 08:48:43,421 - mainapp - INFO - User aquijada is in Exclude list
2025-10-26 08:48:43,515 - mainapp - INFO - User peingpra is in Exclude list
2025-10-26 08:48:43,529 - mainapp - INFO - User naraya is in Exclude list
2025-10-26 08:48:43,632 - mainapp - INFO - User kmontows is in Exclude list
2025-10-26 08:48:43,632 - mainapp - INFO - User sserdari is in Exclude list
2025-10-26 08:48:43,701 - mainapp - INFO - User alevin is in Exclude list
2025-10-26 08:48:43,711 - mainapp - INFO - User ymasson is in Exclude list
2025-10-26 08:48:43,746 - mainapp - INFO - User andvarga is in Exclude list
2025-10-26 08:48:43,879 - mainapp - INFO - User mkulak is in Exclude list
2025-10-26 08:48:43,914 - mainapp - INFO - User adobecka is in Exclude list
2025-10-26 08:48:43,961 - mainapp - INFO - User tojedrze is in Exclude list
2025-10-26 08:48:44,035 - mainapp - INFO - User kdudzik is in Exclude list
2025-10-26 08:48:44,052 - mainapp - INFO - User apiszcza is in Exclude list
2025-10-26 08:48:44,057 - mainapp - INFO - User jagonzal is in Exclude list
2025-10-26 08:48:44,067 - mainapp - INFO - User togarcia is in Exclude list
2025-10-26 08:48:44,077 - mainapp - INFO - User larauz is in Exclude list
2025-10-26 08:48:44,114 - mainapp - INFO - User juromero is in Exclude list
2025-10-26 08:48:44,175 - mainapp - INFO - User jodennis is in Exclude list
2025-10-26 08:48:44,176 - mainapp - INFO - User efrankly is in Exclude list
2025-10-26 08:48:44,206 - mainapp - INFO - User jsolorza is in Exclude list
2025-10-26 08:48:44,400 - mainapp - INFO - User aajoku is in Exclude list
2025-10-26 08:48:44,469 - mainapp - INFO - User aryonai is in Exclude list
2025-10-26 08:48:44,527 - mainapp - INFO - User vmathew is in Exclude list
2025-10-26 08:48:44,537 - mainapp - INFO - User jrubigon is in Exclude list
2025-10-26 08:48:44,751 - mainapp - INFO - User srosales is in Exclude list
2025-10-26 08:48:44,756 - mainapp - INFO - User iataifo is in Exclude list
2025-10-26 08:48:44,917 - mainapp - INFO - User apetrus is in Exclude list
2025-10-26 08:48:45,143 - mainapp - INFO - User handreju is in Exclude list
2025-10-26 08:48:45,447 - mainapp - INFO - User tleliard is in Exclude list
2025-10-26 08:48:45,466 - mainapp - INFO - User cdavisbr is in Exclude list
2025-10-26 08:48:45,611 - mainapp - INFO - User mtrzecia is in Exclude list
2025-10-26 08:48:45,691 - mainapp - INFO - User atadel is in Exclude list
2025-10-26 08:48:45,802 - mainapp - INFO - User abamba is in Exclude list
2025-10-26 08:48:45,865 - mainapp - INFO - User pprzybys is in Exclude list
2025-10-26 08:48:45,933 - mainapp - INFO - User oangulov is in Exclude list
2025-10-26 08:48:45,991 - mainapp - INFO - User knakajim is in Exclude list
2025-10-26 08:48:45,991 - mainapp - INFO - User nokajima is in Exclude list
2025-10-26 08:48:46,160 - mainapp - INFO - User locampo is in Exclude list
2025-10-26 08:48:46,179 - mainapp - INFO - User dkorniak is in Exclude list
2025-10-26 08:48:46,194 - mainapp - INFO - User bglinka is in Exclude list
2025-10-26 08:48:46,259 - mainapp - INFO - User gamadeo is in Exclude list
2025-10-26 08:48:46,268 - mainapp - INFO - User jmiga is in Exclude list
2025-10-26 08:48:46,480 - mainapp - INFO - User jvindas is in Exclude list
2025-10-26 08:48:46,509 - mainapp - INFO - User mamurill is in Exclude list
2025-10-26 08:48:46,594 - mainapp - INFO - User moszymbo is in Exclude list
2025-10-26 08:48:46,609 - mainapp - INFO - User nsalazar is in Exclude list
2025-10-26 08:48:46,609 - mainapp - INFO - User jcalvome is in Exclude list
2025-10-26 08:48:46,615 - mainapp - INFO - User mkwiatek is in Exclude list
2025-10-26 08:48:46,615 - mainapp - INFO - User iarias is in Exclude list
2025-10-26 08:48:46,669 - mainapp - INFO - User jcheung is in Exclude list
2025-10-26 08:48:46,769 - mainapp - INFO - User srusia is in Exclude list
2025-10-26 08:48:46,895 - mainapp - INFO - User echeng is in Exclude list
2025-10-26 08:48:46,960 - mainapp - INFO - User mfloress is in Exclude list
2025-10-26 08:48:47,032 - mainapp - INFO - User mpomykal is in Exclude list
2025-10-26 08:48:47,057 - mainapp - INFO - User mkmiecik is in Exclude list
2025-10-26 08:48:47,057 - mainapp - INFO - User grysula is in Exclude list
2025-10-26 08:48:47,081 - mainapp - INFO - User mikantor is in Exclude list
2025-10-26 08:48:47,217 - mainapp - INFO - User jfogh is in Exclude list
2025-10-26 08:48:47,293 - mainapp - INFO - User rvind is in Exclude list
2025-10-26 11:01:30,710 - mainapp - INFO - User todavids is in Exclude list
2025-10-26 11:01:30,711 - mainapp - INFO - User jhealey is in Exclude list
2025-10-26 11:01:52,927 - mainapp - INFO - User bliu is in Exclude list
2025-10-26 11:03:52,859 - mainapp - INFO - User jrevil is in Exclude list
2025-10-26 11:04:13,358 - mainapp - INFO - User mgarciab is in Exclude list
2025-10-26 11:05:38,126 - mainapp - INFO - User jhumphre is in Exclude list
2025-10-26 11:07:50,601 - mainapp - INFO - User nsilva is in Exclude list
2025-10-26 11:07:50,602 - mainapp - INFO - User emcgowan is in Exclude list
2025-10-26 11:08:09,195 - mainapp - INFO - User lmosher is in Exclude list
2025-10-26 11:08:27,328 - mainapp - INFO - User conrades is in Exclude list
2025-10-26 11:09:16,625 - mainapp - INFO - User dforeste is in Exclude list
2025-10-26 11:09:46,117 - mainapp - INFO - User fmalliar is in Exclude list
2025-10-26 11:10:48,450 - mainapp - INFO - User aahola is in Exclude list
2025-10-26 11:10:48,451 - mainapp - INFO - User gdeck is in Exclude list
2025-10-26 11:12:50,233 - mainapp - INFO - User dellis is in Exclude list
2025-10-26 11:13:06,815 - mainapp - INFO - User akaron is in Exclude list
2025-10-26 11:13:25,605 - mainapp - INFO - User andyc is in Exclude list
2025-10-26 11:13:25,606 - mainapp - INFO - User awalswor is in Exclude list
2025-10-26 11:16:37,843 - mainapp - INFO - User csanto is in Exclude list
2025-10-26 11:16:47,230 - mainapp - INFO - User daldred is in Exclude list
2025-10-26 11:18:00,019 - mainapp - INFO - User dmakofsk is in Exclude list
2025-10-26 11:18:11,041 - mainapp - INFO - User dparent is in Exclude list
2025-10-26 11:19:05,505 - mainapp - INFO - User dyoon is in Exclude list
2025-10-26 11:19:37,456 - mainapp - INFO - User emccarth is in Exclude list
2025-10-26 11:19:56,205 - mainapp - INFO - User fgonzale is in Exclude list
2025-10-26 11:19:56,205 - mainapp - INFO - User ftl is in Exclude list
2025-10-26 11:20:33,162 - mainapp - INFO - User gpearce is in Exclude list
2025-10-26 11:21:59,040 - mainapp - INFO - User jgladsto is in Exclude list
2025-10-26 11:23:04,403 - mainapp - INFO - User jpark is in Exclude list
2025-10-26 11:23:26,272 - mainapp - INFO - User jthrash is in Exclude list
2025-10-26 11:23:35,476 - mainapp - INFO - User juan is in Exclude list
2025-10-26 11:24:03,749 - mainapp - INFO - User jyeung is in Exclude list
2025-10-26 11:24:03,749 - mainapp - INFO - User kagustin is in Exclude list
2025-10-26 11:24:55,750 - mainapp - INFO - User kfitzger is in Exclude list
2025-10-26 11:26:34,576 - mainapp - INFO - User ldamico is in Exclude list
2025-10-26 11:26:44,988 - mainapp - INFO - User lmalo is in Exclude list
2025-10-26 11:29:26,234 - mainapp - INFO - User mroden is in Exclude list
2025-10-26 11:30:17,798 - mainapp - INFO - User mtotino is in Exclude list
2025-10-26 11:31:56,880 - mainapp - INFO - User pjoseph is in Exclude list
2025-10-26 11:32:47,285 - mainapp - INFO - User rdb is in Exclude list
2025-10-26 11:33:29,477 - mainapp - INFO - User rpowell is in Exclude list
2025-10-26 11:33:38,899 - mainapp - INFO - User rtowne is in Exclude list
2025-10-26 11:34:08,314 - mainapp - INFO - User sdoiron is in Exclude list
2025-10-26 11:35:00,354 - mainapp - INFO - User ssitterl is in Exclude list
2025-10-26 11:35:09,583 - mainapp - INFO - User tcrane is in Exclude list
2025-10-26 11:35:18,914 - mainapp - INFO - User tdunn is in Exclude list
2025-10-26 11:38:52,791 - mainapp - INFO - User jsuwirjo is in Exclude list
2025-10-26 11:39:45,280 - mainapp - INFO - User wzani is in Exclude list
2025-10-26 11:40:30,087 - mainapp - INFO - User riweber is in Exclude list
2025-10-26 11:41:18,175 - mainapp - INFO - User loyeung is in Exclude list
2025-10-26 11:45:05,839 - mainapp - INFO - User jstetter is in Exclude list
2025-10-26 11:45:33,840 - mainapp - INFO - User sdempsey is in Exclude list
2025-10-26 11:47:09,474 - mainapp - INFO - User aaitoume is in Exclude list
2025-10-26 11:47:09,475 - mainapp - INFO - User msundara is in Exclude list
2025-10-26 11:47:40,836 - mainapp - INFO - User jbolding is in Exclude list
2025-10-26 11:48:59,862 - mainapp - INFO - User gkulanga is in Exclude list
2025-10-26 11:50:08,380 - mainapp - INFO - User misato is in Exclude list
2025-10-26 11:50:45,566 - mainapp - INFO - User eldohert is in Exclude list
2025-10-26 11:51:22,618 - mainapp - INFO - User gsugaya is in Exclude list
2025-10-26 11:51:22,618 - mainapp - INFO - User nsnyder is in Exclude list
2025-10-26 11:52:10,440 - mainapp - INFO - User jnargund is in Exclude list
2025-10-26 11:52:19,827 - mainapp - INFO - User jarobins is in Exclude list
2025-10-26 11:52:29,109 - mainapp - INFO - User scorneli is in Exclude list
2025-10-26 11:52:39,544 - mainapp - INFO - User tlargy is in Exclude list
2025-10-26 11:53:35,484 - mainapp - INFO - User pdonato is in Exclude list
2025-10-26 11:54:41,171 - mainapp - INFO - User mabarry is in Exclude list
2025-10-26 11:55:08,818 - mainapp - INFO - User foprea is in Exclude list
2025-10-26 11:55:08,819 - mainapp - INFO - User wlo is in Exclude list
2025-10-26 11:56:03,635 - mainapp - INFO - User fschlaip is in Exclude list
2025-10-26 11:56:12,894 - mainapp - INFO - User damurphy is in Exclude list
2025-10-26 11:56:12,894 - mainapp - INFO - User emallozz is in Exclude list
2025-10-26 11:56:12,894 - mainapp - INFO - User rlasser is in Exclude list
2025-10-26 11:56:43,133 - mainapp - INFO - User jastone is in Exclude list
2025-10-26 11:57:45,682 - mainapp - INFO - User avigoda is in Exclude list
2025-10-26 11:59:04,962 - mainapp - INFO - User johnpark is in Exclude list
2025-10-26 11:59:32,236 - mainapp - INFO - User aberzal is in Exclude list
2025-10-26 11:59:32,236 - mainapp - INFO - User gkochman is in Exclude list
2025-10-26 12:01:28,421 - mainapp - INFO - User scripley is in Exclude list
2025-10-26 12:01:28,422 - mainapp - INFO - User canguyen is in Exclude list
2025-10-26 12:05:55,986 - mainapp - INFO - User asalahud is in Exclude list
2025-10-26 12:06:37,180 - mainapp - INFO - User mabright is in Exclude list
2025-10-26 12:09:32,468 - mainapp - INFO - User rpincus is in Exclude list
2025-10-26 12:10:19,005 - mainapp - INFO - User hmenon is in Exclude list
2025-10-26 12:10:29,450 - mainapp - INFO - User tkanel is in Exclude list
2025-10-26 12:13:03,564 - mainapp - INFO - User nygren is in Exclude list
2025-10-26 12:15:17,974 - mainapp - INFO - User chwatkin is in Exclude list
2025-10-26 12:16:57,343 - mainapp - INFO - User oaglagul is in Exclude list
2025-10-26 12:18:39,321 - mainapp - INFO - User rwachasu is in Exclude list
2025-10-26 12:18:58,793 - mainapp - INFO - User rpatil is in Exclude list
2025-10-26 12:20:10,561 - mainapp - INFO - User anfreema is in Exclude list
2025-10-26 12:20:20,673 - mainapp - INFO - User skmorris is in Exclude list
2025-10-26 12:23:47,082 - mainapp - INFO - User mvoerman is in Exclude list
2025-10-26 12:23:47,084 - mainapp - INFO - User kkazani is in Exclude list
2025-10-26 12:26:21,992 - mainapp - INFO - User mbabecki is in Exclude list
2025-10-26 12:26:31,249 - mainapp - INFO - User rpacewic is in Exclude list
2025-10-26 12:26:31,250 - mainapp - INFO - User sbaskett is in Exclude list
2025-10-26 12:27:21,266 - mainapp - INFO - User bchalins is in Exclude list
2025-10-26 12:27:35,847 - mainapp - INFO - User mobryant is in Exclude list
2025-10-26 12:27:44,767 - mainapp - INFO - User masoares is in Exclude list
2025-10-26 12:30:47,136 - mainapp - INFO - User lbrownin is in Exclude list
2025-10-26 12:31:38,255 - mainapp - INFO - User johong is in Exclude list
2025-10-26 12:32:08,913 - mainapp - INFO - User heklein is in Exclude list
2025-10-26 12:35:44,496 - mainapp - INFO - User sjkin is in Exclude list
2025-10-26 12:35:44,498 - mainapp - INFO - User sakaur is in Exclude list
2025-10-26 12:36:12,482 - mainapp - INFO - User cbreen is in Exclude list
2025-10-26 12:36:12,483 - mainapp - INFO - User kayeung is in Exclude list
2025-10-26 12:36:30,931 - mainapp - INFO - User jstoneho is in Exclude list
2025-10-26 12:37:17,984 - mainapp - INFO - User jcretaro is in Exclude list
2025-10-26 12:38:05,281 - mainapp - INFO - User ahamm is in Exclude list
2025-10-26 12:39:10,857 - mainapp - INFO - User edwong is in Exclude list
2025-10-26 12:41:38,472 - mainapp - INFO - User jgillesp is in Exclude list
2025-10-26 12:41:38,474 - mainapp - INFO - User lmakara is in Exclude list
2025-10-26 12:41:47,619 - mainapp - INFO - User cieng is in Exclude list
2025-10-26 12:41:47,620 - mainapp - INFO - User rjaskuls is in Exclude list
2025-10-26 12:43:16,496 - mainapp - INFO - User kjeffrey is in Exclude list
2025-10-26 12:43:16,498 - mainapp - INFO - User psiemien is in Exclude list
2025-10-26 12:46:02,503 - mainapp - INFO - User bvaz is in Exclude list
2025-10-26 12:46:11,718 - mainapp - INFO - User agorton is in Exclude list
2025-10-26 12:46:50,521 - mainapp - INFO - User lbutler is in Exclude list
2025-10-26 12:48:41,533 - mainapp - INFO - User jenrique is in Exclude list
2025-10-26 12:53:01,169 - mainapp - INFO - User todavids is in Exclude list
2025-10-26 12:53:01,172 - mainapp - INFO - User jhealey is in Exclude list
2025-10-26 12:53:20,020 - mainapp - INFO - User bliu is in Exclude list
2025-10-26 12:55:10,584 - mainapp - INFO - User jrevil is in Exclude list
2025-10-26 12:55:30,894 - mainapp - INFO - User mgarciab is in Exclude list
2025-10-26 12:57:02,150 - mainapp - INFO - User jhumphre is in Exclude list
2025-10-26 12:58:46,966 - mainapp - INFO - User nsilva is in Exclude list
2025-10-26 12:58:46,968 - mainapp - INFO - User emcgowan is in Exclude list
2025-10-26 12:59:05,346 - mainapp - INFO - User lmosher is in Exclude list
2025-10-26 12:59:23,996 - mainapp - INFO - User conrades is in Exclude list
2025-10-26 13:00:12,205 - mainapp - INFO - User dforeste is in Exclude list
2025-10-26 13:00:40,645 - mainapp - INFO - User fmalliar is in Exclude list
2025-10-26 13:01:44,324 - mainapp - INFO - User aahola is in Exclude list
2025-10-26 13:01:44,327 - mainapp - INFO - User gdeck is in Exclude list
2025-10-26 13:03:37,653 - mainapp - INFO - User dellis is in Exclude list
2025-10-26 13:03:46,842 - mainapp - INFO - User akaron is in Exclude list
2025-10-26 13:04:05,097 - mainapp - INFO - User andyc is in Exclude list
2025-10-26 13:04:05,098 - mainapp - INFO - User awalswor is in Exclude list
2025-10-26 13:06:59,405 - mainapp - INFO - User csanto is in Exclude list
2025-10-26 13:07:10,264 - mainapp - INFO - User daldred is in Exclude list
2025-10-26 13:08:09,796 - mainapp - INFO - User dmakofsk is in Exclude list
2025-10-26 13:08:20,908 - mainapp - INFO - User dparent is in Exclude list
2025-10-26 13:09:15,201 - mainapp - INFO - User dyoon is in Exclude list
2025-10-26 13:09:44,686 - mainapp - INFO - User emccarth is in Exclude list
2025-10-26 13:10:04,061 - mainapp - INFO - User fgonzale is in Exclude list
2025-10-26 13:10:04,061 - mainapp - INFO - User ftl is in Exclude list
2025-10-26 13:10:48,542 - mainapp - INFO - User gpearce is in Exclude list
2025-10-26 13:12:28,528 - mainapp - INFO - User jgladsto is in Exclude list
2025-10-26 13:13:36,767 - mainapp - INFO - User jpark is in Exclude list
2025-10-26 13:13:56,971 - mainapp - INFO - User jthrash is in Exclude list
2025-10-26 13:14:06,824 - mainapp - INFO - User juan is in Exclude list
2025-10-26 13:14:34,942 - mainapp - INFO - User jyeung is in Exclude list
2025-10-26 13:14:34,943 - mainapp - INFO - User kagustin is in Exclude list
2025-10-26 13:15:26,524 - mainapp - INFO - User kfitzger is in Exclude list
2025-10-26 13:17:01,514 - mainapp - INFO - User ldamico is in Exclude list
2025-10-26 13:17:11,257 - mainapp - INFO - User lmalo is in Exclude list
2025-10-26 13:19:49,802 - mainapp - INFO - User mroden is in Exclude list
2025-10-26 13:20:27,620 - mainapp - INFO - User mtotino is in Exclude list
2025-10-26 13:21:54,124 - mainapp - INFO - User pjoseph is in Exclude list
2025-10-26 13:22:43,610 - mainapp - INFO - User rdb is in Exclude list
2025-10-26 13:23:25,665 - mainapp - INFO - User rpowell is in Exclude list
2025-10-26 13:23:37,862 - mainapp - INFO - User rtowne is in Exclude list
2025-10-26 13:24:05,730 - mainapp - INFO - User sdoiron is in Exclude list
2025-10-26 13:25:02,123 - mainapp - INFO - User ssitterl is in Exclude list
2025-10-26 13:25:11,237 - mainapp - INFO - User tcrane is in Exclude list
2025-10-26 13:25:20,592 - mainapp - INFO - User tdunn is in Exclude list
2025-10-26 13:27:50,463 - mainapp - INFO - User jsuwirjo is in Exclude list
2025-10-26 13:28:33,187 - mainapp - INFO - User wzani is in Exclude list
2025-10-26 13:29:12,922 - mainapp - INFO - User riweber is in Exclude list
2025-10-26 13:29:53,308 - mainapp - INFO - User loyeung is in Exclude list
