2026-01-31 17:34:51,511 - ldapbatch - INFO - Starting batch LDAP update for file: forldapupdateisraelfrwithDID.csv
2026-01-31 17:34:51,521 - ldapbatch - INFO - Loaded 22 rows from CSV file
2026-01-31 17:34:51,522 - ldapbatch - INFO - Processing user: aaitoume, extension: 7841101003, external: 33156696214
2026-01-31 17:34:51,522 - ldapbatch - INFO - User aaitoume is in Exclude list
2026-01-31 17:34:51,527 - ldapbatch - INFO - Processing user: bvaz, extension: 7841101010, external: 33156696208
2026-01-31 17:34:51,528 - ldapbatch - INFO - User bvaz is in Exclude list
2026-01-31 17:34:51,528 - ldapbatch - INFO - Processing user: aberdin, extension: 7841101011, external: 33156696936
2026-01-31 17:34:51,528 - ldapbatch - INFO - User aberdin is in Exclude list
2026-01-31 17:34:51,529 - ldapbatch - INFO - Processing user: slopata, extension: 7844101015, external: 972732858764
2026-01-31 17:34:51,529 - ldapbatch - INFO - User slopata is in Exclude list
2026-01-31 17:34:51,529 - ldapbatch - INFO - Processing user: sguez, extension: 7844101026, external: 972732858729
2026-01-31 17:34:51,529 - ldapbatch - INFO - User sguez is in Exclude list
2026-01-31 17:34:51,530 - ldapbatch - INFO - Processing user: jlharido, extension: 7841101026, external: 33156697156
2026-01-31 17:34:51,530 - ldapbatch - INFO - User jlharido is in Exclude list
2026-01-31 17:34:51,531 - ldapbatch - INFO - Processing user: msanseau, extension: 7841101031, external: 33156696204
2026-01-31 17:34:51,531 - ldapbatch - INFO - User msanseau is in Exclude list
2026-01-31 17:34:51,531 - ldapbatch - INFO - Processing user: amarks-b, extension: 7844101085, external: 972732858778
2026-01-31 17:35:03,673 - ldapbatch - INFO - LDAP update with DID for amarks-b: Success
2026-01-31 17:35:03,675 - ldapbatch - INFO - Processing user: aschall, extension: 7841101056, external: 33156697210
2026-01-31 17:35:03,675 - ldapbatch - INFO - User aschall is in Exclude list
2026-01-31 17:35:03,675 - ldapbatch - INFO - Processing user: topate, extension: 7844101098, external: 972733910479
2026-01-31 17:35:03,675 - ldapbatch - INFO - User topate is in Exclude list
2026-01-31 17:35:03,676 - ldapbatch - INFO - Processing user: tsisserm, extension: 7844101128, external: 972732858707
2026-01-31 17:35:14,675 - ldapbatch - INFO - LDAP update with DID for tsisserm: Success
2026-01-31 17:35:14,676 - ldapbatch - INFO - Processing user: mcomte, extension: 7841101058, external: 33156696217
2026-01-31 17:35:26,102 - ldapbatch - INFO - LDAP update with DID for mcomte: Success
2026-01-31 17:35:26,103 - ldapbatch - INFO - Processing user: toz, extension: 7844101131, external: 972732858791
2026-01-31 17:35:38,184 - ldapbatch - INFO - LDAP update with DID for toz: Success
2026-01-31 17:35:38,185 - ldapbatch - INFO - Processing user: lavraham, extension: 7844101140, external: 972733680323
2026-01-31 17:35:38,185 - ldapbatch - INFO - User lavraham is in Exclude list
2026-01-31 17:35:38,185 - ldapbatch - INFO - Processing user: ggoldbla, extension: 7844101142, external: 972733680364
2026-01-31 17:35:38,185 - ldapbatch - INFO - User ggoldbla is in Exclude list
2026-01-31 17:35:38,185 - ldapbatch - INFO - Processing user: dbar-gil, extension: 7844101157, external: 972733680325
2026-01-31 17:36:46,468 - ldapbatch - INFO - LDAP update with DID for dbar-gil: Success
2026-01-31 17:36:46,469 - ldapbatch - INFO - Processing user: tben-mei, extension: 7844101163, external: 972733680329
2026-01-31 17:36:56,498 - ldapbatch - INFO - LDAP update with DID for tben-mei: Success
2026-01-31 17:36:56,499 - ldapbatch - INFO - Processing user: ljacquem, extension: 7841101060, external: 33156696941
2026-01-31 17:37:10,177 - ldapbatch - INFO - LDAP update with DID for ljacquem: Success
2026-01-31 17:37:10,193 - ldapbatch - INFO - Processing user: yfralo, extension: 7841101061, external: 33156695260
2026-01-31 17:38:02,972 - ldapbatch - INFO - Starting batch LDAP update for file: forldapupdateisraelfrwithDID.csv
2026-01-31 17:38:02,974 - ldapbatch - INFO - Loaded 22 rows from CSV file
2026-01-31 17:38:02,974 - ldapbatch - INFO - Processing user: aaitoume, extension: 7841101003, external: 33156696214
2026-01-31 17:38:02,974 - ldapbatch - INFO - User aaitoume is in Exclude list
2026-01-31 17:38:02,978 - ldapbatch - INFO - Processing user: bvaz, extension: 7841101010, external: 33156696208
2026-01-31 17:38:02,978 - ldapbatch - INFO - User bvaz is in Exclude list
2026-01-31 17:38:02,979 - ldapbatch - INFO - Processing user: aberdin, extension: 7841101011, external: 33156696936
2026-01-31 17:38:02,980 - ldapbatch - INFO - User aberdin is in Exclude list
2026-01-31 17:38:02,981 - ldapbatch - INFO - Processing user: slopata, extension: 7844101015, external: 972732858764
2026-01-31 17:38:02,981 - ldapbatch - INFO - User slopata is in Exclude list
2026-01-31 17:38:02,982 - ldapbatch - INFO - Processing user: sguez, extension: 7844101026, external: 972732858729
2026-01-31 17:38:02,982 - ldapbatch - INFO - User sguez is in Exclude list
2026-01-31 17:38:02,983 - ldapbatch - INFO - Processing user: jlharido, extension: 7841101026, external: 33156697156
2026-01-31 17:38:02,983 - ldapbatch - INFO - User jlharido is in Exclude list
2026-01-31 17:38:02,984 - ldapbatch - INFO - Processing user: msanseau, extension: 7841101031, external: 33156696204
2026-01-31 17:38:02,984 - ldapbatch - INFO - User msanseau is in Exclude list
2026-01-31 17:38:02,984 - ldapbatch - INFO - Processing user: amarks-b, extension: 7844101085, external: 972732858778
2026-01-31 17:38:14,206 - ldapbatch - INFO - LDAP update with DID for amarks-b: Success
2026-01-31 17:38:14,210 - ldapbatch - INFO - Processing user: aschall, extension: 7841101056, external: 33156697210
2026-01-31 17:38:14,211 - ldapbatch - INFO - User aschall is in Exclude list
2026-01-31 17:38:14,212 - ldapbatch - INFO - Processing user: topate, extension: 7844101098, external: 972733910479
2026-01-31 17:38:14,212 - ldapbatch - INFO - User topate is in Exclude list
2026-01-31 17:38:14,213 - ldapbatch - INFO - Processing user: tsisserm, extension: 7844101128, external: 972732858707
2026-01-31 17:38:26,392 - ldapbatch - INFO - LDAP update with DID for tsisserm: Success
2026-01-31 17:38:26,393 - ldapbatch - INFO - Processing user: mcomte, extension: 7841101058, external: 33156696217
2026-01-31 17:38:37,425 - ldapbatch - INFO - LDAP update with DID for mcomte: Success
2026-01-31 17:38:37,426 - ldapbatch - INFO - Processing user: toz, extension: 7844101131, external: 972732858791
2026-01-31 17:38:47,770 - ldapbatch - INFO - LDAP update with DID for toz: Success
2026-01-31 17:38:47,771 - ldapbatch - INFO - Processing user: lavraham, extension: 7844101140, external: 972733680323
2026-01-31 17:38:47,771 - ldapbatch - INFO - User lavraham is in Exclude list
2026-01-31 17:38:47,772 - ldapbatch - INFO - Processing user: ggoldbla, extension: 7844101142, external: 972733680364
2026-01-31 17:38:47,772 - ldapbatch - INFO - User ggoldbla is in Exclude list
2026-01-31 17:38:47,772 - ldapbatch - INFO - Processing user: dbar-gil, extension: 7844101157, external: 972733680325
2026-01-31 17:39:00,196 - ldapbatch - INFO - LDAP update with DID for dbar-gil: Success
2026-01-31 17:39:00,198 - ldapbatch - INFO - Processing user: tben-mei, extension: 7844101163, external: 972733680329
2026-01-31 17:39:14,934 - ldapbatch - INFO - LDAP update with DID for tben-mei: Success
2026-01-31 17:39:14,935 - ldapbatch - INFO - Processing user: ljacquem, extension: 7841101060, external: 33156696941
2026-01-31 17:39:29,938 - ldapbatch - INFO - LDAP update with DID for ljacquem: Success
2026-01-31 17:39:29,940 - ldapbatch - INFO - Processing user: yfralo, extension: 7841101061, external: 33156695260
2026-01-31 17:39:43,483 - ldapbatch - INFO - LDAP update with DID for yfralo: Success
2026-01-31 17:39:43,484 - ldapbatch - INFO - Processing user: jbourgai, extension: 7841101062, external: 33156696945
2026-01-31 17:39:55,119 - ldapbatch - INFO - LDAP update with DID for jbourgai: Success
2026-01-31 17:39:55,120 - ldapbatch - INFO - Processing user: adefioll, extension: 7841101079, external: 33156696213
2026-01-31 17:40:09,179 - ldapbatch - INFO - LDAP update with DID for adefioll: Success
2026-01-31 17:40:09,180 - ldapbatch - INFO - Processing user: eguillou, extension: 7841101083, external: 33156696205
2026-01-31 17:40:09,180 - ldapbatch - INFO - User eguillou is in Exclude list
2026-01-31 17:40:09,180 - ldapbatch - INFO - Batch LDAP update completed for file: forldapupdateisraelfrwithDID.csv
2026-01-31 17:54:02,021 - ldapbatch - INFO - Starting batch LDAP update for file: ldapupdate.csv
2026-01-31 17:54:02,025 - ldapbatch - INFO - Loaded 751 rows from CSV file
2026-01-31 17:54:02,026 - ldapbatch - INFO - Processing user: ggayer, extension: 7844101001, external: None
2026-01-31 17:54:12,968 - ldapbatch - INFO - LDAP update for ggayer: Success
2026-01-31 17:54:12,970 - ldapbatch - INFO - Processing user: gmenie, extension: 7841101001, external: None
2026-01-31 17:54:22,876 - ldapbatch - INFO - LDAP update for gmenie: Success
2026-01-31 17:54:22,878 - ldapbatch - INFO - Processing user: pdelaper, extension: 7841101002, external: None
2026-01-31 17:54:39,588 - ldapbatch - INFO - LDAP update for pdelaper: Success
2026-01-31 17:54:39,590 - ldapbatch - INFO - Processing user: jrenoux, extension: 7841101004, external: None
2026-01-31 17:54:50,332 - ldapbatch - INFO - LDAP update for jrenoux: Success
2026-01-31 17:54:50,333 - ldapbatch - INFO - Processing user: jkretchm, extension: 7841101005, external: None
2026-01-31 17:55:01,314 - ldapbatch - INFO - LDAP update for jkretchm: Success
2026-01-31 17:55:01,315 - ldapbatch - INFO - Processing user: lbreuvar, extension: 7841101006, external: None
2026-01-31 17:55:13,310 - ldapbatch - INFO - LDAP update for lbreuvar: Success
2026-01-31 17:55:13,312 - ldapbatch - INFO - Processing user: fbeletea, extension: 7841101007, external: None
2026-01-31 17:55:23,682 - ldapbatch - INFO - LDAP update for fbeletea: Success
2026-01-31 17:55:23,683 - ldapbatch - INFO - Processing user: rvincent, extension: 7841101008, external: None
2026-01-31 17:55:36,170 - ldapbatch - INFO - LDAP update for rvincent: Success
2026-01-31 17:55:36,172 - ldapbatch - INFO - Processing user: kfounadi, extension: 7841101009, external: None
2026-01-31 17:55:47,016 - ldapbatch - INFO - LDAP update for kfounadi: Success
2026-01-31 17:55:47,017 - ldapbatch - INFO - Processing user: dkadim, extension: 7844101002, external: None
2026-01-31 17:56:00,632 - ldapbatch - INFO - LDAP update for dkadim: Success
2026-01-31 17:56:00,633 - ldapbatch - INFO - Processing user: lgreenbo, extension: 7844101003, external: None
2026-01-31 17:56:12,149 - ldapbatch - INFO - LDAP update for lgreenbo: Success
2026-01-31 17:56:12,150 - ldapbatch - INFO - Processing user: gmendele, extension: 7844101004, external: None
2026-01-31 17:56:21,854 - ldapbatch - INFO - LDAP update for gmendele: Success
2026-01-31 17:56:21,855 - ldapbatch - INFO - Processing user: mocohen, extension: 7844101005, external: None
2026-01-31 17:56:33,462 - ldapbatch - INFO - LDAP update for mocohen: Success
2026-01-31 17:56:33,463 - ldapbatch - INFO - Processing user: mminkovi, extension: 7844101006, external: None
2026-01-31 17:56:45,605 - ldapbatch - INFO - LDAP update for mminkovi: Success
2026-01-31 17:56:45,607 - ldapbatch - INFO - Processing user: mroaky, extension: 7844101007, external: None
2026-01-31 17:56:57,116 - ldapbatch - INFO - LDAP update for mroaky: Success
2026-01-31 17:56:57,118 - ldapbatch - INFO - Processing user: earkush, extension: 7844101008, external: None
2026-01-31 17:57:07,341 - ldapbatch - INFO - LDAP update for earkush: Success
2026-01-31 17:57:07,342 - ldapbatch - INFO - Processing user: imeir, extension: 7844101009, external: None
2026-01-31 17:57:17,544 - ldapbatch - INFO - LDAP update for imeir: Success
2026-01-31 17:57:17,546 - ldapbatch - INFO - Processing user: makremer, extension: 7844101010, external: None
2026-01-31 17:57:27,378 - ldapbatch - INFO - LDAP update for makremer: Success
2026-01-31 17:57:27,379 - ldapbatch - INFO - Processing user: damrani, extension: 7844101011, external: None
2026-01-31 17:57:37,335 - ldapbatch - INFO - LDAP update for damrani: Success
2026-01-31 17:57:37,338 - ldapbatch - INFO - Processing user: bkirzner, extension: 7844101012, external: None
2026-01-31 17:57:49,354 - ldapbatch - INFO - LDAP update for bkirzner: Success
2026-01-31 17:57:49,355 - ldapbatch - INFO - Processing user: jfrumer, extension: 7844101013, external: None
2026-01-31 17:58:02,894 - ldapbatch - INFO - LDAP update for jfrumer: Success
2026-01-31 17:58:02,896 - ldapbatch - INFO - Processing user: dtuberg, extension: 7844101014, external: None
2026-01-31 17:58:13,630 - ldapbatch - INFO - LDAP update for dtuberg: Success
2026-01-31 17:58:13,632 - ldapbatch - INFO - Processing user: jprive, extension: 7841101012, external: None
2026-01-31 17:58:26,769 - ldapbatch - INFO - LDAP update for jprive: Success
2026-01-31 17:58:26,771 - ldapbatch - INFO - Processing user: croller, extension: 7841101013, external: None
2026-01-31 17:58:37,223 - ldapbatch - INFO - LDAP update for croller: Success
2026-01-31 17:58:37,224 - ldapbatch - INFO - Processing user: noschiff, extension: 7844101016, external: None
2026-01-31 17:58:47,838 - ldapbatch - INFO - LDAP update for noschiff: Success
2026-01-31 17:58:47,840 - ldapbatch - INFO - Processing user: btaing, extension: 7841101014, external: None
2026-01-31 18:00:23,574 - ldapbatch - INFO - LDAP update for btaing: Success
2026-01-31 18:00:23,576 - ldapbatch - INFO - Processing user: rmyszka, extension: 7841101015, external: None
2026-01-31 18:00:33,901 - ldapbatch - INFO - LDAP update for rmyszka: Success
2026-01-31 18:00:33,903 - ldapbatch - INFO - Processing user: tsklein, extension: 7844101017, external: None
2026-01-31 18:00:43,294 - ldapbatch - INFO - LDAP update for tsklein: Success
2026-01-31 18:00:43,296 - ldapbatch - INFO - Processing user: lfriedma, extension: 7844101018, external: None
2026-01-31 18:00:55,912 - ldapbatch - INFO - LDAP update for lfriedma: Success
2026-01-31 18:00:55,914 - ldapbatch - INFO - Processing user: jsztykma, extension: 7841101016, external: None
2026-01-31 18:01:08,159 - ldapbatch - INFO - LDAP update for jsztykma: Success
2026-01-31 18:01:08,159 - ldapbatch - INFO - Processing user: lshitrit, extension: 7844101019, external: None
2026-01-31 18:01:19,165 - ldapbatch - INFO - LDAP update for lshitrit: Success
2026-01-31 18:01:19,168 - ldapbatch - INFO - Processing user: asivan, extension: 7844101020, external: None
2026-01-31 18:01:30,264 - ldapbatch - INFO - LDAP update for asivan: Success
2026-01-31 18:01:30,266 - ldapbatch - INFO - Processing user: ksibony, extension: 7844101021, external: None
2026-01-31 18:01:42,493 - ldapbatch - INFO - LDAP update for ksibony: Success
2026-01-31 18:01:42,494 - ldapbatch - INFO - Processing user: terez, extension: 7844101022, external: None
2026-01-31 18:01:52,250 - ldapbatch - INFO - LDAP update for terez: Success
2026-01-31 18:01:52,252 - ldapbatch - INFO - Processing user: hluquet, extension: 7841101017, external: None
2026-01-31 18:02:03,941 - ldapbatch - INFO - LDAP update for hluquet: Success
2026-01-31 18:02:03,942 - ldapbatch - INFO - Processing user: gridard, extension: 7841101018, external: None
2026-01-31 18:02:14,131 - ldapbatch - INFO - LDAP update for gridard: Success
2026-01-31 18:02:14,133 - ldapbatch - INFO - Processing user: odutille, extension: 7841101019, external: None
2026-01-31 18:02:24,181 - ldapbatch - INFO - LDAP update for odutille: Success
2026-01-31 18:02:24,183 - ldapbatch - INFO - Processing user: iihie, extension: 7844101023, external: None
2026-01-31 18:02:34,938 - ldapbatch - INFO - LDAP update for iihie: Success
2026-01-31 18:02:34,939 - ldapbatch - INFO - Processing user: jjoachim, extension: 7841101020, external: None
2026-01-31 18:02:46,010 - ldapbatch - INFO - LDAP update for jjoachim: Success
2026-01-31 18:02:46,012 - ldapbatch - INFO - Processing user: pberthet, extension: 7841101021, external: None
2026-01-31 18:02:56,599 - ldapbatch - INFO - LDAP update for pberthet: Success
2026-01-31 18:02:56,601 - ldapbatch - INFO - Processing user: asynhers, extension: 7844101024, external: None
2026-01-31 18:03:07,621 - ldapbatch - INFO - LDAP update for asynhers: Success
2026-01-31 18:03:07,625 - ldapbatch - INFO - Processing user: elev, extension: 7844101025, external: None
2026-01-31 18:03:17,014 - ldapbatch - INFO - LDAP update for elev: Success
2026-01-31 18:03:17,018 - ldapbatch - INFO - Processing user: pmaugeri, extension: 7841101022, external: None
2026-01-31 18:03:27,250 - ldapbatch - INFO - LDAP update for pmaugeri: Success
2026-01-31 18:03:27,251 - ldapbatch - INFO - Processing user: fpicconi, extension: 7841101023, external: None
2026-01-31 18:03:41,879 - ldapbatch - INFO - LDAP update for fpicconi: Success
2026-01-31 18:03:41,881 - ldapbatch - INFO - Processing user: ydaya, extension: 7844101027, external: None
2026-01-31 18:03:54,255 - ldapbatch - INFO - LDAP update for ydaya: Success
2026-01-31 18:03:54,256 - ldapbatch - INFO - Processing user: jtrupin, extension: 7841101024, external: None
2026-01-31 18:04:05,224 - ldapbatch - INFO - LDAP update for jtrupin: Success
2026-01-31 18:04:05,225 - ldapbatch - INFO - Processing user: kshapira, extension: 7844101029, external: None
2026-01-31 18:04:15,825 - ldapbatch - INFO - LDAP update for kshapira: Success
2026-01-31 18:04:15,826 - ldapbatch - INFO - Processing user: olabrous, extension: 7841101025, external: None
2026-01-31 18:04:25,534 - ldapbatch - INFO - LDAP update for olabrous: Success
2026-01-31 18:04:25,535 - ldapbatch - INFO - Processing user: tnutkevi, extension: 7844101030, external: None
2026-01-31 18:04:38,325 - ldapbatch - INFO - LDAP update for tnutkevi: Success
2026-01-31 18:04:38,326 - ldapbatch - INFO - Processing user: oguttman, extension: 7844101031, external: None
2026-01-31 18:04:49,976 - ldapbatch - INFO - LDAP update for oguttman: Success
2026-01-31 18:04:49,977 - ldapbatch - INFO - Processing user: okanfer, extension: 7844101032, external: None
2026-01-31 18:05:01,988 - ldapbatch - INFO - LDAP update for okanfer: Success
2026-01-31 18:05:01,989 - ldapbatch - INFO - Processing user: gfins, extension: 7844101033, external: None
2026-01-31 18:30:45,007 - ldapbatch - INFO - Starting batch LDAP update for file: ldapupdate.csv
2026-01-31 18:30:45,009 - ldapbatch - INFO - Loaded 751 rows from CSV file
2026-01-31 18:30:45,010 - ldapbatch - INFO - Processing user: ggayer, extension: 7844101001, external: None
2026-01-31 18:30:58,620 - ldapbatch - INFO - LDAP update for ggayer: Success
2026-01-31 18:30:58,624 - ldapbatch - INFO - Processing user: gmenie, extension: 7841101001, external: None
2026-01-31 18:31:10,546 - ldapbatch - INFO - LDAP update for gmenie: Success
2026-01-31 18:31:10,548 - ldapbatch - INFO - Processing user: pdelaper, extension: 7841101002, external: None
2026-01-31 18:31:21,206 - ldapbatch - INFO - LDAP update for pdelaper: Success
2026-01-31 18:31:21,207 - ldapbatch - INFO - Processing user: jrenoux, extension: 7841101004, external: None
2026-01-31 18:31:33,522 - ldapbatch - INFO - LDAP update for jrenoux: Success
2026-01-31 18:31:33,523 - ldapbatch - INFO - Processing user: jkretchm, extension: 7841101005, external: None
2026-01-31 18:31:44,797 - ldapbatch - INFO - LDAP update for jkretchm: Success
2026-01-31 18:31:44,798 - ldapbatch - INFO - Processing user: lbreuvar, extension: 7841101006, external: None
2026-01-31 18:31:54,625 - ldapbatch - INFO - LDAP update for lbreuvar: Success
2026-01-31 18:31:54,626 - ldapbatch - INFO - Processing user: fbeletea, extension: 7841101007, external: None
2026-01-31 18:32:08,590 - ldapbatch - INFO - LDAP update for fbeletea: Success
2026-01-31 18:32:08,593 - ldapbatch - INFO - Processing user: rvincent, extension: 7841101008, external: None
2026-01-31 18:32:20,465 - ldapbatch - INFO - LDAP update for rvincent: Success
2026-01-31 18:32:20,467 - ldapbatch - INFO - Processing user: kfounadi, extension: 7841101009, external: None
2026-01-31 18:32:39,136 - ldapbatch - INFO - LDAP update for kfounadi: Success
2026-01-31 18:32:39,138 - ldapbatch - INFO - Processing user: dkadim, extension: 7844101002, external: None
2026-01-31 18:33:45,869 - ldapbatch - INFO - LDAP update for dkadim: Success
2026-01-31 18:33:45,870 - ldapbatch - INFO - Processing user: lgreenbo, extension: 7844101003, external: None
2026-01-31 18:33:59,395 - ldapbatch - INFO - LDAP update for lgreenbo: Success
2026-01-31 18:33:59,397 - ldapbatch - INFO - Processing user: gmendele, extension: 7844101004, external: None
2026-01-31 18:35:34,243 - ldapbatch - INFO - LDAP update for gmendele: Success
2026-01-31 18:35:34,247 - ldapbatch - INFO - Processing user: mocohen, extension: 7844101005, external: None
2026-01-31 18:36:12,450 - ldapbatch - INFO - LDAP update for mocohen: Success
2026-01-31 18:36:12,451 - ldapbatch - INFO - Processing user: mminkovi, extension: 7844101006, external: None
2026-01-31 18:36:26,416 - ldapbatch - INFO - LDAP update for mminkovi: Success
2026-01-31 18:36:26,418 - ldapbatch - INFO - Processing user: mroaky, extension: 7844101007, external: None
2026-01-31 18:36:40,615 - ldapbatch - INFO - LDAP update for mroaky: Success
2026-01-31 18:36:40,616 - ldapbatch - INFO - Processing user: earkush, extension: 7844101008, external: None
2026-01-31 18:36:53,103 - ldapbatch - INFO - LDAP update for earkush: Success
2026-01-31 18:36:53,104 - ldapbatch - INFO - Processing user: imeir, extension: 7844101009, external: None
2026-01-31 18:37:05,853 - ldapbatch - INFO - LDAP update for imeir: Success
2026-01-31 18:37:05,855 - ldapbatch - INFO - Processing user: makremer, extension: 7844101010, external: None
2026-01-31 18:37:17,435 - ldapbatch - INFO - LDAP update for makremer: Success
2026-01-31 18:37:17,436 - ldapbatch - INFO - Processing user: damrani, extension: 7844101011, external: None
2026-01-31 18:37:31,573 - ldapbatch - INFO - LDAP update for damrani: Success
2026-01-31 18:37:31,575 - ldapbatch - INFO - Processing user: bkirzner, extension: 7844101012, external: None
2026-01-31 18:37:43,783 - ldapbatch - INFO - LDAP update for bkirzner: Success
2026-01-31 18:37:43,784 - ldapbatch - INFO - Processing user: jfrumer, extension: 7844101013, external: None
2026-01-31 18:37:59,944 - ldapbatch - INFO - LDAP update for jfrumer: Success
2026-01-31 18:37:59,947 - ldapbatch - INFO - Processing user: dtuberg, extension: 7844101014, external: None
2026-01-31 18:38:10,449 - ldapbatch - INFO - LDAP update for dtuberg: Success
2026-01-31 18:38:10,450 - ldapbatch - INFO - Processing user: jprive, extension: 7841101012, external: None
2026-01-31 18:38:25,378 - ldapbatch - INFO - LDAP update for jprive: Success
2026-01-31 18:38:25,379 - ldapbatch - INFO - Processing user: croller, extension: 7841101013, external: None
2026-01-31 18:38:39,824 - ldapbatch - INFO - LDAP update for croller: Success
2026-01-31 18:38:39,826 - ldapbatch - INFO - Processing user: noschiff, extension: 7844101016, external: None
2026-01-31 18:38:54,692 - ldapbatch - INFO - LDAP update for noschiff: Success
2026-01-31 18:38:54,692 - ldapbatch - INFO - Processing user: btaing, extension: 7841101014, external: None
2026-01-31 18:39:10,787 - ldapbatch - INFO - LDAP update for btaing: Success
2026-01-31 18:39:10,790 - ldapbatch - INFO - Processing user: rmyszka, extension: 7841101015, external: None
2026-01-31 18:39:21,530 - ldapbatch - INFO - LDAP update for rmyszka: Success
2026-01-31 18:39:21,531 - ldapbatch - INFO - Processing user: tsklein, extension: 7844101017, external: None
2026-01-31 18:39:34,526 - ldapbatch - INFO - LDAP update for tsklein: Success
2026-01-31 18:39:34,527 - ldapbatch - INFO - Processing user: lfriedma, extension: 7844101018, external: None
2026-01-31 18:39:48,946 - ldapbatch - INFO - LDAP update for lfriedma: Success
2026-01-31 18:39:48,948 - ldapbatch - INFO - Processing user: jsztykma, extension: 7841101016, external: None
2026-01-31 18:40:01,937 - ldapbatch - INFO - LDAP update for jsztykma: Success
2026-01-31 18:40:01,938 - ldapbatch - INFO - Processing user: lshitrit, extension: 7844101019, external: None
2026-01-31 18:40:16,436 - ldapbatch - INFO - LDAP update for lshitrit: Success
2026-01-31 18:40:16,438 - ldapbatch - INFO - Processing user: asivan, extension: 7844101020, external: None
2026-01-31 18:40:32,071 - ldapbatch - INFO - LDAP update for asivan: Success
2026-01-31 18:40:32,072 - ldapbatch - INFO - Processing user: ksibony, extension: 7844101021, external: None
2026-01-31 18:46:26,307 - ldapbatch - INFO - LDAP update for ksibony: Success
2026-01-31 18:46:26,312 - ldapbatch - INFO - Processing user: terez, extension: 7844101022, external: None
2026-01-31 18:46:38,570 - ldapbatch - INFO - LDAP update for terez: Success
2026-01-31 18:46:38,571 - ldapbatch - INFO - Processing user: hluquet, extension: 7841101017, external: None
2026-01-31 18:46:50,446 - ldapbatch - INFO - LDAP update for hluquet: Success
2026-01-31 18:46:50,449 - ldapbatch - INFO - Processing user: gridard, extension: 7841101018, external: None
2026-01-31 18:47:00,893 - ldapbatch - INFO - LDAP update for gridard: Success
2026-01-31 18:47:00,894 - ldapbatch - INFO - Processing user: odutille, extension: 7841101019, external: None
2026-01-31 18:47:13,026 - ldapbatch - INFO - LDAP update for odutille: Success
2026-01-31 18:47:13,026 - ldapbatch - INFO - Processing user: iihie, extension: 7844101023, external: None
2026-01-31 18:47:22,782 - ldapbatch - INFO - LDAP update for iihie: Success
2026-01-31 18:47:22,783 - ldapbatch - INFO - Processing user: jjoachim, extension: 7841101020, external: None
2026-01-31 18:47:34,276 - ldapbatch - INFO - LDAP update for jjoachim: Success
2026-01-31 18:47:34,278 - ldapbatch - INFO - Processing user: pberthet, extension: 7841101021, external: None
2026-01-31 18:47:44,370 - ldapbatch - INFO - LDAP update for pberthet: Success
2026-01-31 18:47:44,372 - ldapbatch - INFO - Processing user: asynhers, extension: 7844101024, external: None
2026-01-31 18:47:54,746 - ldapbatch - INFO - LDAP update for asynhers: Success
2026-01-31 18:47:54,748 - ldapbatch - INFO - Processing user: elev, extension: 7844101025, external: None
2026-01-31 18:48:07,311 - ldapbatch - INFO - LDAP update for elev: Success
2026-01-31 18:48:07,313 - ldapbatch - INFO - Processing user: pmaugeri, extension: 7841101022, external: None
2026-01-31 18:48:46,823 - ldapbatch - INFO - LDAP update for pmaugeri: Success
2026-01-31 18:48:46,824 - ldapbatch - INFO - Processing user: fpicconi, extension: 7841101023, external: None
2026-01-31 18:48:58,604 - ldapbatch - INFO - LDAP update for fpicconi: Success
2026-01-31 18:48:58,605 - ldapbatch - INFO - Processing user: ydaya, extension: 7844101027, external: None
2026-01-31 18:49:10,065 - ldapbatch - INFO - LDAP update for ydaya: Success
2026-01-31 18:49:10,067 - ldapbatch - INFO - Processing user: jtrupin, extension: 7841101024, external: None
2026-01-31 18:49:20,644 - ldapbatch - INFO - LDAP update for jtrupin: Success
2026-01-31 18:49:20,645 - ldapbatch - INFO - Processing user: kshapira, extension: 7844101029, external: None
2026-01-31 18:49:31,352 - ldapbatch - INFO - LDAP update for kshapira: Success
2026-01-31 18:49:31,356 - ldapbatch - INFO - Processing user: olabrous, extension: 7841101025, external: None
2026-01-31 18:49:41,680 - ldapbatch - INFO - LDAP update for olabrous: Success
2026-01-31 18:49:41,682 - ldapbatch - INFO - Processing user: tnutkevi, extension: 7844101030, external: None
2026-01-31 18:56:07,868 - ldapbatch - INFO - LDAP update for tnutkevi: Success
2026-01-31 18:56:07,870 - ldapbatch - INFO - Processing user: oguttman, extension: 7844101031, external: None
2026-01-31 18:56:17,744 - ldapbatch - INFO - LDAP update for oguttman: Success
2026-01-31 18:56:17,745 - ldapbatch - INFO - Processing user: okanfer, extension: 7844101032, external: None
2026-01-31 18:56:27,703 - ldapbatch - INFO - LDAP update for okanfer: Success
2026-01-31 18:56:27,704 - ldapbatch - INFO - Processing user: gfins, extension: 7844101033, external: None
2026-01-31 18:56:39,603 - ldapbatch - INFO - LDAP update for gfins: Success
2026-01-31 18:56:39,604 - ldapbatch - INFO - Processing user: lbrik, extension: 7844101034, external: None
2026-01-31 18:56:49,510 - ldapbatch - INFO - LDAP update for lbrik: Success
2026-01-31 18:56:49,512 - ldapbatch - INFO - Processing user: rdan, extension: 7844101035, external: None
2026-01-31 18:56:59,070 - ldapbatch - INFO - LDAP update for rdan: Success
2026-01-31 18:56:59,071 - ldapbatch - INFO - Processing user: bleboime, extension: 7841101027, external: None
2026-01-31 19:02:56,591 - ldapbatch - INFO - LDAP update for bleboime: Success
2026-01-31 19:02:56,592 - ldapbatch - INFO - Processing user: fcosta, extension: 7841101028, external: None
2026-01-31 19:03:07,143 - ldapbatch - INFO - LDAP update for fcosta: Success
2026-01-31 19:03:07,144 - ldapbatch - INFO - Processing user: gor, extension: 7844101036, external: None
2026-01-31 19:03:18,351 - ldapbatch - INFO - LDAP update for gor: Success
2026-01-31 19:03:18,352 - ldapbatch - INFO - Processing user: iverzber, extension: 7844101037, external: None
2026-01-31 19:03:29,300 - ldapbatch - INFO - LDAP update for iverzber: Success
2026-01-31 19:03:29,303 - ldapbatch - INFO - Processing user: asejourn, extension: 7841101029, external: None
2026-01-31 19:03:54,476 - ldapbatch - INFO - LDAP update for asejourn: Success
2026-01-31 19:03:54,478 - ldapbatch - INFO - Processing user: rbaraut, extension: 7841101030, external: None
2026-01-31 19:04:07,223 - ldapbatch - INFO - LDAP update for rbaraut: Success
2026-01-31 19:04:07,224 - ldapbatch - INFO - Processing user: ntal, extension: 7844101038, external: None
2026-01-31 19:04:19,696 - ldapbatch - INFO - LDAP update for ntal: Success
2026-01-31 19:04:19,697 - ldapbatch - INFO - Processing user: qminguet, extension: 7841101032, external: None
2026-01-31 19:04:30,294 - ldapbatch - INFO - LDAP update for qminguet: Success
2026-01-31 19:04:30,295 - ldapbatch - INFO - Processing user: ogravier, extension: 7841101033, external: None
2026-01-31 19:04:41,515 - ldapbatch - INFO - LDAP update for ogravier: Success
2026-01-31 19:04:41,516 - ldapbatch - INFO - Processing user: dattias, extension: 7841101034, external: None
2026-01-31 19:04:51,232 - ldapbatch - INFO - LDAP update for dattias: Success
2026-01-31 19:04:51,234 - ldapbatch - INFO - Processing user: bbrouard, extension: 7841101035, external: None
2026-01-31 19:10:38,043 - ldapbatch - INFO - LDAP update for bbrouard: Success
2026-01-31 19:10:38,046 - ldapbatch - INFO - Processing user: mcarron, extension: 7841101036, external: None
2026-01-31 19:13:14,867 - ldapbatch - INFO - LDAP update for mcarron: Success
2026-01-31 19:13:14,869 - ldapbatch - INFO - Processing user: ahogg, extension: 7841101037, external: None
2026-01-31 19:13:24,937 - ldapbatch - INFO - LDAP update for ahogg: Success
2026-01-31 19:13:24,938 - ldapbatch - INFO - Processing user: gduchovn, extension: 7844101039, external: None
2026-01-31 19:13:35,795 - ldapbatch - INFO - LDAP update for gduchovn: Success
2026-01-31 19:13:35,796 - ldapbatch - INFO - Processing user: tcomte, extension: 7841101038, external: None
2026-01-31 19:13:46,066 - ldapbatch - INFO - LDAP update for tcomte: Success
2026-01-31 19:13:46,067 - ldapbatch - INFO - Processing user: ndayan, extension: 7844101040, external: None
2026-01-31 19:13:58,194 - ldapbatch - INFO - LDAP update for ndayan: Success
2026-01-31 19:13:58,196 - ldapbatch - INFO - Processing user: alevy, extension: 7844101041, external: None
2026-01-31 19:14:08,137 - ldapbatch - INFO - LDAP update for alevy: Success
2026-01-31 19:14:08,138 - ldapbatch - INFO - Processing user: lostroat, extension: 7844101042, external: None
2026-01-31 19:14:22,270 - ldapbatch - INFO - LDAP update for lostroat: Success
2026-01-31 19:14:22,272 - ldapbatch - INFO - Processing user: obokobza, extension: 7844101043, external: None
2026-01-31 19:14:33,550 - ldapbatch - INFO - LDAP update for obokobza: Success
2026-01-31 19:14:33,551 - ldapbatch - INFO - Processing user: hfederov, extension: 7844101044, external: None
2026-01-31 19:14:43,982 - ldapbatch - INFO - LDAP update for hfederov: Success
2026-01-31 19:14:43,984 - ldapbatch - INFO - Processing user: abella, extension: 7841101039, external: None
2026-01-31 19:14:55,937 - ldapbatch - INFO - LDAP update for abella: Success
2026-01-31 19:14:55,938 - ldapbatch - INFO - Processing user: dfeshenk, extension: 7844101045, external: None
2026-01-31 19:15:05,379 - ldapbatch - INFO - LDAP update for dfeshenk: Success
2026-01-31 19:15:05,380 - ldapbatch - INFO - Processing user: nyehudai, extension: 7844101046, external: None
2026-01-31 19:15:16,886 - ldapbatch - INFO - LDAP update for nyehudai: Success
2026-01-31 19:15:16,887 - ldapbatch - INFO - Processing user: gboyer, extension: 7841101040, external: None
2026-01-31 19:15:27,005 - ldapbatch - INFO - LDAP update for gboyer: Success
2026-01-31 19:15:27,007 - ldapbatch - INFO - Processing user: agiannin, extension: 7841101041, external: None
2026-01-31 19:15:38,031 - ldapbatch - INFO - LDAP update for agiannin: Success
2026-01-31 19:15:38,031 - ldapbatch - INFO - Processing user: slegall, extension: 7841101042, external: None
2026-01-31 19:15:48,131 - ldapbatch - INFO - LDAP update for slegall: Success
2026-01-31 19:15:48,132 - ldapbatch - INFO - Processing user: nstricha, extension: 7844101047, external: None
2026-01-31 19:15:58,220 - ldapbatch - INFO - LDAP update for nstricha: Success
2026-01-31 19:15:58,222 - ldapbatch - INFO - Processing user: dpogrebi, extension: 7844101048, external: None
2026-01-31 19:16:08,622 - ldapbatch - INFO - LDAP update for dpogrebi: Success
2026-01-31 19:16:08,623 - ldapbatch - INFO - Processing user: bainbind, extension: 7844101049, external: None
2026-01-31 19:16:19,073 - ldapbatch - INFO - LDAP update for bainbind: Success
2026-01-31 19:16:19,073 - ldapbatch - INFO - Processing user: eakri, extension: 7844101050, external: None
2026-01-31 19:16:29,269 - ldapbatch - INFO - LDAP update for eakri: Success
2026-01-31 19:16:29,270 - ldapbatch - INFO - Processing user: ychernov, extension: 7844101051, external: None
2026-01-31 19:16:41,162 - ldapbatch - INFO - LDAP update for ychernov: Success
2026-01-31 19:16:41,164 - ldapbatch - INFO - Processing user: ravidan, extension: 7844101052, external: None
2026-01-31 19:16:51,384 - ldapbatch - INFO - LDAP update for ravidan: Success
2026-01-31 19:16:51,385 - ldapbatch - INFO - Processing user: ctouche, extension: 7841101043, external: None
2026-01-31 19:17:04,399 - ldapbatch - INFO - LDAP update for ctouche: Success
2026-01-31 19:17:04,400 - ldapbatch - INFO - Processing user: tannequi, extension: 7841101044, external: None
2026-01-31 19:17:14,208 - ldapbatch - INFO - LDAP update for tannequi: Success
2026-01-31 19:17:14,209 - ldapbatch - INFO - Processing user: mekaplan, extension: 7844101053, external: None
2026-01-31 19:17:24,671 - ldapbatch - INFO - LDAP update for mekaplan: Success
2026-01-31 19:17:24,672 - ldapbatch - INFO - Processing user: apotier, extension: 7841101045, external: None
2026-01-31 19:22:30,203 - ldapbatch - INFO - LDAP update for apotier: Success
2026-01-31 19:22:30,205 - ldapbatch - INFO - Processing user: plebouc, extension: 7841101046, external: None
2026-01-31 19:24:48,282 - ldapbatch - INFO - LDAP update for plebouc: Success
2026-01-31 19:24:48,283 - ldapbatch - INFO - Processing user: mcohen, extension: 7844101054, external: None
2026-01-31 19:24:59,191 - ldapbatch - INFO - LDAP update for mcohen: Success
2026-01-31 19:24:59,193 - ldapbatch - INFO - Processing user: adarcher, extension: 7841101047, external: None
2026-01-31 19:31:11,624 - ldapbatch - INFO - LDAP update for adarcher: Success
2026-01-31 19:31:11,626 - ldapbatch - INFO - Processing user: ashtosse, extension: 7844101055, external: None
2026-01-31 19:31:21,710 - ldapbatch - INFO - LDAP update for ashtosse: Success
2026-01-31 19:31:21,713 - ldapbatch - INFO - Processing user: gmoissai, extension: 7841101048, external: None
2026-01-31 19:31:32,123 - ldapbatch - INFO - LDAP update for gmoissai: Success
2026-01-31 19:31:32,125 - ldapbatch - INFO - Processing user: mburstei, extension: 7844101056, external: None
2026-01-31 19:31:44,332 - ldapbatch - INFO - LDAP update for mburstei: Success
2026-01-31 19:31:44,333 - ldapbatch - INFO - Processing user: kmolayem, extension: 7844101057, external: None
2026-01-31 19:39:17,770 - ldapbatch - INFO - LDAP update for kmolayem: Success
2026-01-31 19:39:17,772 - ldapbatch - INFO - Processing user: jeroy, extension: 7841101049, external: None
2026-01-31 19:40:02,050 - ldapbatch - INFO - LDAP update for jeroy: Success
2026-01-31 19:40:02,052 - ldapbatch - INFO - Processing user: ashoshan, extension: 7844101058, external: None
2026-01-31 19:40:25,021 - ldapbatch - INFO - LDAP update for ashoshan: Success
2026-01-31 19:40:25,022 - ldapbatch - INFO - Processing user: fcremey, extension: 7841101050, external: None
2026-01-31 19:40:37,042 - ldapbatch - INFO - LDAP update for fcremey: Success
2026-01-31 19:40:37,043 - ldapbatch - INFO - Processing user: ggrinber, extension: 7844101059, external: None
2026-01-31 19:40:49,925 - ldapbatch - INFO - LDAP update for ggrinber: Success
2026-01-31 19:40:49,926 - ldapbatch - INFO - Processing user: hhimelbl, extension: 7844101060, external: None
2026-01-31 19:40:59,741 - ldapbatch - INFO - LDAP update for hhimelbl: Success
2026-01-31 19:40:59,742 - ldapbatch - INFO - Processing user: zagmon, extension: 7844101061, external: None
2026-01-31 19:41:11,334 - ldapbatch - INFO - LDAP update for zagmon: Success
2026-01-31 19:41:11,335 - ldapbatch - INFO - Processing user: tamishai, extension: 7844101062, external: None
2026-01-31 19:41:36,038 - ldapbatch - INFO - LDAP update for tamishai: Success
2026-01-31 19:41:36,039 - ldapbatch - INFO - Processing user: ipetryde, extension: 7844101063, external: None
2026-01-31 19:42:21,910 - ldapbatch - INFO - LDAP update for ipetryde: Success
2026-01-31 19:42:21,912 - ldapbatch - INFO - Processing user: ykunda, extension: 7844101064, external: None
2026-01-31 19:42:33,468 - ldapbatch - INFO - LDAP update for ykunda: Success
2026-01-31 19:42:33,469 - ldapbatch - INFO - Processing user: lyahav, extension: 7844101065, external: None
2026-01-31 19:42:45,278 - ldapbatch - INFO - LDAP update for lyahav: Success
2026-01-31 19:42:45,279 - ldapbatch - INFO - Processing user: dsotniko, extension: 7844101066, external: None
2026-01-31 19:42:55,084 - ldapbatch - INFO - LDAP update for dsotniko: Success
2026-01-31 19:42:55,085 - ldapbatch - INFO - Processing user: rlecarre, extension: 7841101051, external: None
2026-01-31 19:43:07,420 - ldapbatch - INFO - LDAP update for rlecarre: Success
2026-01-31 19:43:07,422 - ldapbatch - INFO - Processing user: shacohen, extension: 7844101067, external: None
2026-01-31 19:43:18,224 - ldapbatch - INFO - LDAP update for shacohen: Success
2026-01-31 19:43:18,225 - ldapbatch - INFO - Processing user: htzaban, extension: 7844101068, external: None
2026-01-31 19:43:28,139 - ldapbatch - INFO - LDAP update for htzaban: Success
2026-01-31 19:43:28,140 - ldapbatch - INFO - Processing user: yguedj, extension: 7844101069, external: None
2026-01-31 19:43:40,755 - ldapbatch - INFO - LDAP update for yguedj: Success
2026-01-31 19:43:40,761 - ldapbatch - INFO - Processing user: olapid, extension: 7844101070, external: None
2026-01-31 19:43:52,538 - ldapbatch - INFO - LDAP update for olapid: Success
2026-01-31 19:43:52,540 - ldapbatch - INFO - Processing user: tabramch, extension: 7844101071, external: None
2026-01-31 19:44:02,352 - ldapbatch - INFO - LDAP update for tabramch: Success
2026-01-31 19:44:02,354 - ldapbatch - INFO - Processing user: ywartski, extension: 7844101072, external: None
2026-01-31 19:44:12,737 - ldapbatch - INFO - LDAP update for ywartski: Success
2026-01-31 19:44:12,738 - ldapbatch - INFO - Processing user: egamliel, extension: 7844101073, external: None
2026-01-31 19:44:23,319 - ldapbatch - INFO - LDAP update for egamliel: Success
2026-01-31 19:44:23,320 - ldapbatch - INFO - Processing user: demelyan, extension: 7844101074, external: None
2026-01-31 19:45:05,609 - ldapbatch - INFO - LDAP update for demelyan: Success
2026-01-31 19:45:05,612 - ldapbatch - INFO - Processing user: mhadad, extension: 7844101075, external: None
2026-01-31 19:45:44,633 - ldapbatch - INFO - LDAP update for mhadad: Success
2026-01-31 19:45:44,634 - ldapbatch - INFO - Processing user: nguttman, extension: 7844101076, external: None
2026-01-31 19:47:11,870 - ldapbatch - INFO - LDAP update for nguttman: Success
2026-01-31 19:47:11,871 - ldapbatch - INFO - Processing user: ssolomon, extension: 7844101077, external: None
2026-01-31 19:47:21,637 - ldapbatch - INFO - LDAP update for ssolomon: Success
2026-01-31 19:47:21,638 - ldapbatch - INFO - Processing user: ysikary, extension: 7844101078, external: None
2026-01-31 19:47:33,065 - ldapbatch - INFO - LDAP update for ysikary: Success
2026-01-31 19:47:33,066 - ldapbatch - INFO - Processing user: nsadeh, extension: 7844101079, external: None
2026-01-31 19:47:44,104 - ldapbatch - INFO - LDAP update for nsadeh: Success
2026-01-31 19:47:44,105 - ldapbatch - INFO - Processing user: inaihoz, extension: 7844101080, external: None
2026-01-31 19:47:56,345 - ldapbatch - INFO - LDAP update for inaihoz: Success
2026-01-31 19:47:56,346 - ldapbatch - INFO - Processing user: dedri, extension: 7844101081, external: None
2026-01-31 19:49:44,740 - ldapbatch - INFO - LDAP update for dedri: Success
2026-01-31 19:49:44,743 - ldapbatch - INFO - Processing user: sgoldsht, extension: 7844101082, external: None
2026-01-31 19:49:59,742 - ldapbatch - INFO - LDAP update for sgoldsht: Success
2026-01-31 19:49:59,743 - ldapbatch - INFO - Processing user: mfuterma, extension: 7844101083, external: None
2026-01-31 19:50:12,333 - ldapbatch - INFO - LDAP update for mfuterma: Success
2026-01-31 19:50:12,335 - ldapbatch - INFO - Processing user: thacker, extension: 7844101084, external: None
2026-01-31 19:50:26,802 - ldapbatch - INFO - LDAP update for thacker: Success
2026-01-31 19:50:26,803 - ldapbatch - INFO - Processing user: tsiouffi, extension: 7841101052, external: None
2026-01-31 19:50:39,366 - ldapbatch - INFO - LDAP update for tsiouffi: Success
2026-01-31 19:50:39,367 - ldapbatch - INFO - Processing user: erouet, extension: 7841101053, external: None
2026-01-31 19:50:52,315 - ldapbatch - INFO - LDAP update for erouet: Success
2026-01-31 19:50:52,316 - ldapbatch - INFO - Processing user: ocohen, extension: 7844101086, external: None
2026-01-31 19:51:08,076 - ldapbatch - INFO - LDAP update for ocohen: Success
2026-01-31 19:51:08,077 - ldapbatch - INFO - Processing user: fponcet, extension: 7841101054, external: None
2026-01-31 19:57:43,617 - ldapbatch - INFO - LDAP update for fponcet: Success
2026-01-31 19:57:43,620 - ldapbatch - INFO - Processing user: obigelma, extension: 7844101087, external: None
2026-01-31 19:57:56,274 - ldapbatch - INFO - LDAP update for obigelma: Success
2026-01-31 19:57:56,275 - ldapbatch - INFO - Processing user: udiamant, extension: 7844101088, external: None
2026-01-31 19:58:12,298 - ldapbatch - INFO - LDAP update for udiamant: Success
2026-01-31 19:58:12,299 - ldapbatch - INFO - Processing user: roknyans, extension: 7844101089, external: None
2026-01-31 19:58:25,627 - ldapbatch - INFO - LDAP update for roknyans: Success
2026-01-31 19:58:25,629 - ldapbatch - INFO - Processing user: ssofer, extension: 7844101090, external: None
2026-01-31 19:58:41,074 - ldapbatch - INFO - LDAP update for ssofer: Success
2026-01-31 19:58:41,075 - ldapbatch - INFO - Processing user: joperr, extension: 7844101091, external: None
2026-01-31 19:58:53,515 - ldapbatch - INFO - LDAP update for joperr: Success
2026-01-31 19:58:53,517 - ldapbatch - INFO - Processing user: jambrozi, extension: 7841101055, external: None
2026-01-31 19:59:04,815 - ldapbatch - INFO - LDAP update for jambrozi: Success
2026-01-31 19:59:04,816 - ldapbatch - INFO - Processing user: stkamins, extension: 7844101092, external: None
2026-01-31 19:59:19,551 - ldapbatch - INFO - LDAP update for stkamins: Success
2026-01-31 19:59:19,554 - ldapbatch - INFO - Processing user: eturgema, extension: 7844101094, external: None
2026-01-31 19:59:33,897 - ldapbatch - INFO - LDAP update for eturgema: Success
2026-01-31 19:59:33,898 - ldapbatch - INFO - Processing user: adondish, extension: 7844101095, external: None
2026-01-31 19:59:47,528 - ldapbatch - INFO - LDAP update for adondish: Success
2026-01-31 19:59:47,532 - ldapbatch - INFO - Processing user: mbenshoa, extension: 7844101096, external: None
2026-01-31 19:59:56,911 - ldapbatch - INFO - LDAP update for mbenshoa: Success
2026-01-31 19:59:56,913 - ldapbatch - INFO - Processing user: gmeiri, extension: 7844101097, external: None
2026-01-31 20:00:07,743 - ldapbatch - INFO - LDAP update for gmeiri: Success
2026-01-31 20:00:07,744 - ldapbatch - INFO - Processing user: sbover, extension: 7844101099, external: None
2026-01-31 20:00:21,248 - ldapbatch - INFO - LDAP update for sbover: Success
2026-01-31 20:00:21,249 - ldapbatch - INFO - Processing user: tbrami, extension: 7844101100, external: None
2026-01-31 20:00:34,423 - ldapbatch - INFO - LDAP update for tbrami: Success
2026-01-31 20:00:34,426 - ldapbatch - INFO - Processing user: brchrist, extension: 7841101057, external: None
2026-01-31 20:00:45,665 - ldapbatch - INFO - LDAP update for brchrist: Success
2026-01-31 20:00:45,665 - ldapbatch - INFO - Processing user: lbukhin, extension: 7844101101, external: None
2026-01-31 20:00:57,924 - ldapbatch - INFO - LDAP update for lbukhin: Success
2026-01-31 20:00:57,925 - ldapbatch - INFO - Processing user: bemoskov, extension: 7844101102, external: None
2026-01-31 20:06:46,173 - ldapbatch - INFO - LDAP update for bemoskov: Success
2026-01-31 20:06:46,178 - ldapbatch - INFO - Processing user: elcohe, extension: 7844101103, external: None
2026-01-31 20:06:58,949 - ldapbatch - INFO - LDAP update for elcohe: Success
2026-01-31 20:06:58,950 - ldapbatch - INFO - Processing user: azilberk, extension: 7844101104, external: None
2026-01-31 20:11:53,594 - ldapbatch - INFO - LDAP update for azilberk: Success
2026-01-31 20:11:53,595 - ldapbatch - INFO - Processing user: syetter, extension: 7844101105, external: None
2026-01-31 20:12:20,967 - ldapbatch - INFO - LDAP update for syetter: Success
2026-01-31 20:12:20,967 - ldapbatch - INFO - Processing user: yvatkin, extension: 7844101106, external: None
2026-01-31 20:12:36,101 - ldapbatch - INFO - LDAP update for yvatkin: Success
2026-01-31 20:12:36,103 - ldapbatch - INFO - Processing user: omashal, extension: 7844101107, external: None
2026-01-31 20:12:48,391 - ldapbatch - INFO - LDAP update for omashal: Success
2026-01-31 20:12:48,392 - ldapbatch - INFO - Processing user: acrow, extension: 7844101108, external: None
2026-01-31 20:13:02,171 - ldapbatch - INFO - LDAP update for acrow: Success
2026-01-31 20:13:02,172 - ldapbatch - INFO - Processing user: ekhaitzi, extension: 7844101109, external: None
2026-01-31 20:13:16,419 - ldapbatch - INFO - LDAP update for ekhaitzi: Success
2026-01-31 20:13:16,421 - ldapbatch - INFO - Processing user: smark, extension: 7844101111, external: None
2026-01-31 20:13:27,911 - ldapbatch - INFO - LDAP update for smark: Success
2026-01-31 20:13:27,912 - ldapbatch - INFO - Processing user: yromm, extension: 7844101112, external: None
2026-01-31 20:13:41,574 - ldapbatch - INFO - LDAP update for yromm: Success
2026-01-31 20:13:41,575 - ldapbatch - INFO - Processing user: ashermis, extension: 7844101113, external: None
2026-01-31 20:13:52,774 - ldapbatch - INFO - LDAP update for ashermis: Success
2026-01-31 20:13:52,777 - ldapbatch - INFO - Processing user: mzavodch, extension: 7844101114, external: None
2026-01-31 20:14:05,921 - ldapbatch - INFO - LDAP update for mzavodch: Success
2026-01-31 20:14:05,924 - ldapbatch - INFO - Processing user: delbert, extension: 7844101115, external: None
2026-01-31 20:14:17,268 - ldapbatch - INFO - LDAP update for delbert: Success
2026-01-31 20:14:17,270 - ldapbatch - INFO - Processing user: dshachar, extension: 7844101116, external: None
2026-01-31 20:14:30,960 - ldapbatch - INFO - LDAP update for dshachar: Success
2026-01-31 20:14:30,965 - ldapbatch - INFO - Processing user: nabu, extension: 7844101117, external: None
2026-01-31 20:14:41,552 - ldapbatch - INFO - LDAP update for nabu: Success
2026-01-31 20:14:41,555 - ldapbatch - INFO - Processing user: szar, extension: 7844101118, external: None
2026-01-31 20:14:54,283 - ldapbatch - INFO - LDAP update for szar: Success
2026-01-31 20:14:54,285 - ldapbatch - INFO - Processing user: dmoshe, extension: 7844101119, external: None
2026-01-31 20:15:05,286 - ldapbatch - INFO - LDAP update for dmoshe: Success
2026-01-31 20:15:05,288 - ldapbatch - INFO - Processing user: nbendana, extension: 7844101120, external: None
2026-01-31 20:15:23,275 - ldapbatch - INFO - LDAP update for nbendana: Success
2026-01-31 20:15:23,276 - ldapbatch - INFO - Processing user: ggoldber, extension: 7844101121, external: None
2026-01-31 20:15:41,708 - ldapbatch - INFO - LDAP update for ggoldber: Success
2026-01-31 20:15:41,710 - ldapbatch - INFO - Processing user: ehazbani, extension: 7844101122, external: None
2026-01-31 20:15:51,446 - ldapbatch - INFO - LDAP update for ehazbani: Success
2026-01-31 20:15:51,447 - ldapbatch - INFO - Processing user: gasulin, extension: 7844101123, external: None
2026-01-31 20:16:00,787 - ldapbatch - INFO - LDAP update for gasulin: Success
2026-01-31 20:16:00,788 - ldapbatch - INFO - Processing user: egur, extension: 7844101125, external: None
2026-01-31 20:16:14,446 - ldapbatch - INFO - LDAP update for egur: Success
2026-01-31 20:16:14,447 - ldapbatch - INFO - Processing user: eavzak, extension: 7844101126, external: None
2026-01-31 20:16:34,522 - ldapbatch - INFO - LDAP update for eavzak: Success
2026-01-31 20:16:34,524 - ldapbatch - INFO - Processing user: aleiderm, extension: 7844101127, external: None
2026-01-31 20:16:44,773 - ldapbatch - INFO - LDAP update for aleiderm: Success
2026-01-31 20:16:44,774 - ldapbatch - INFO - Processing user: tshaked, extension: 7844101130, external: None
2026-01-31 20:16:55,936 - ldapbatch - INFO - LDAP update for tshaked: Success
2026-01-31 20:16:55,940 - ldapbatch - INFO - Processing user: mkalfon, extension: 7844101132, external: None
2026-01-31 20:17:12,227 - ldapbatch - INFO - LDAP update for mkalfon: Success
2026-01-31 20:17:12,229 - ldapbatch - INFO - Processing user: rbushria, extension: 7844101133, external: None
2026-01-31 20:17:24,701 - ldapbatch - INFO - LDAP update for rbushria: Success
2026-01-31 20:17:24,703 - ldapbatch - INFO - Processing user: dparient, extension: 7841101059, external: None
2026-01-31 20:18:11,874 - ldapbatch - INFO - LDAP update for dparient: Success
2026-01-31 20:18:11,875 - ldapbatch - INFO - Processing user: ashemesh, extension: 7844101134, external: None
2026-01-31 20:18:25,897 - ldapbatch - INFO - LDAP update for ashemesh: Success
2026-01-31 20:18:25,899 - ldapbatch - INFO - Processing user: msaranga, extension: 7844101135, external: None
2026-01-31 20:18:38,625 - ldapbatch - INFO - LDAP update for msaranga: Success
2026-01-31 20:18:38,627 - ldapbatch - INFO - Processing user: byagoni, extension: 7844101136, external: None
2026-01-31 20:18:47,914 - ldapbatch - INFO - LDAP update for byagoni: Success
2026-01-31 20:18:47,916 - ldapbatch - INFO - Processing user: tfuteran, extension: 7844101137, external: None
2026-01-31 20:18:57,716 - ldapbatch - INFO - LDAP update for tfuteran: Success
2026-01-31 20:18:57,719 - ldapbatch - INFO - Processing user: bchuyko, extension: 7844101138, external: None
2026-01-31 20:19:09,852 - ldapbatch - INFO - LDAP update for bchuyko: Success
2026-01-31 20:19:09,853 - ldapbatch - INFO - Processing user: dsalee, extension: 7844101139, external: None
2026-01-31 20:19:20,710 - ldapbatch - INFO - LDAP update for dsalee: Success
2026-01-31 20:19:20,711 - ldapbatch - INFO - Processing user: oaldor, extension: 7844101141, external: None
2026-01-31 20:21:02,438 - ldapbatch - INFO - LDAP update for oaldor: Success
2026-01-31 20:21:02,441 - ldapbatch - INFO - Processing user: lshasho, extension: 7844101143, external: None
2026-01-31 20:21:16,451 - ldapbatch - INFO - LDAP update for lshasho: Success
2026-01-31 20:21:16,452 - ldapbatch - INFO - Processing user: vzilius, extension: 7844101144, external: None
2026-01-31 20:21:30,899 - ldapbatch - INFO - LDAP update for vzilius: Success
2026-01-31 20:21:30,901 - ldapbatch - INFO - Processing user: lporat, extension: 7844101145, external: None
2026-01-31 20:21:43,739 - ldapbatch - INFO - LDAP update for lporat: Success
2026-01-31 20:21:43,739 - ldapbatch - INFO - Processing user: ilazoros, extension: 7844101146, external: None
2026-01-31 20:24:28,161 - ldapbatch - INFO - LDAP update for ilazoros: Success
2026-01-31 20:24:28,164 - ldapbatch - INFO - Processing user: rmajadle, extension: 7844101147, external: None
2026-01-31 20:24:41,613 - ldapbatch - INFO - LDAP update for rmajadle: Success
2026-01-31 20:24:41,614 - ldapbatch - INFO - Processing user: uhershco, extension: 7844101148, external: None
2026-01-31 20:24:55,539 - ldapbatch - INFO - LDAP update for uhershco: Success
2026-01-31 20:24:55,543 - ldapbatch - INFO - Processing user: areches, extension: 7844101149, external: None
2026-01-31 20:25:11,150 - ldapbatch - INFO - LDAP update for areches: Success
2026-01-31 20:25:11,154 - ldapbatch - INFO - Processing user: myaverba, extension: 7844101150, external: None
2026-01-31 20:25:21,283 - ldapbatch - INFO - LDAP update for myaverba: Success
2026-01-31 20:25:21,285 - ldapbatch - INFO - Processing user: namit, extension: 7844101151, external: None
2026-01-31 20:25:36,610 - ldapbatch - INFO - LDAP update for namit: Success
2026-01-31 20:25:36,611 - ldapbatch - INFO - Processing user: aberman, extension: 7844101152, external: None
2026-01-31 20:25:52,135 - ldapbatch - INFO - LDAP update for aberman: Success
2026-01-31 20:25:52,136 - ldapbatch - INFO - Processing user: kkim, extension: 7844101153, external: None
2026-01-31 20:26:04,726 - ldapbatch - INFO - LDAP update for kkim: Success
2026-01-31 20:26:04,727 - ldapbatch - INFO - Processing user: raharons, extension: 7844101154, external: None
2026-01-31 20:26:14,285 - ldapbatch - INFO - LDAP update for raharons: Success
2026-01-31 20:26:14,288 - ldapbatch - INFO - Processing user: oossie, extension: 7844101155, external: None
2026-01-31 20:26:24,141 - ldapbatch - INFO - LDAP update for oossie: Success
2026-01-31 20:26:24,142 - ldapbatch - INFO - Processing user: ashladov, extension: 7844101156, external: None
2026-01-31 20:26:37,304 - ldapbatch - INFO - LDAP update for ashladov: Success
2026-01-31 20:26:37,307 - ldapbatch - INFO - Processing user: ihalakhm, extension: 7844101158, external: None
2026-01-31 20:26:48,926 - ldapbatch - INFO - LDAP update for ihalakhm: Success
2026-01-31 20:26:48,927 - ldapbatch - INFO - Processing user: tabramov, extension: 7844101159, external: None
2026-01-31 20:27:04,807 - ldapbatch - INFO - LDAP update for tabramov: Success
2026-01-31 20:27:04,810 - ldapbatch - INFO - Processing user: mzimry, extension: 7844101160, external: None
2026-01-31 20:27:18,505 - ldapbatch - INFO - LDAP update for mzimry: Success
2026-01-31 20:27:18,507 - ldapbatch - INFO - Processing user: sgelband, extension: 7844101161, external: None
2026-01-31 20:27:29,631 - ldapbatch - INFO - LDAP update for sgelband: Success
2026-01-31 20:27:29,632 - ldapbatch - INFO - Processing user: mshleife, extension: 7844101162, external: None
2026-01-31 20:27:41,779 - ldapbatch - INFO - LDAP update for mshleife: Success
2026-01-31 20:27:41,782 - ldapbatch - INFO - Processing user: bthee, extension: 7844101164, external: None
2026-01-31 20:27:54,340 - ldapbatch - INFO - LDAP update for bthee: Success
2026-01-31 20:27:54,341 - ldapbatch - INFO - Processing user: depshtei, extension: 7844101165, external: None
2026-01-31 20:28:04,594 - ldapbatch - INFO - LDAP update for depshtei: Success
2026-01-31 20:28:04,594 - ldapbatch - INFO - Processing user: rbrunste, extension: 7844101166, external: None
2026-01-31 20:28:23,479 - ldapbatch - INFO - LDAP update for rbrunste: Success
2026-01-31 20:28:23,483 - ldapbatch - INFO - Processing user: osergatc, extension: 7844101167, external: None
2026-01-31 20:28:39,057 - ldapbatch - INFO - LDAP update for osergatc: Success
2026-01-31 20:28:39,059 - ldapbatch - INFO - Processing user: mhatuka, extension: 7844101168, external: None
2026-01-31 20:31:39,987 - ldapbatch - INFO - LDAP update for mhatuka: Success
2026-01-31 20:31:39,990 - ldapbatch - INFO - Processing user: cofek, extension: 7844101169, external: None
2026-01-31 20:33:36,968 - ldapbatch - INFO - LDAP update for cofek: Success
2026-01-31 20:33:36,969 - ldapbatch - INFO - Processing user: bpecheny, extension: 7844101170, external: None
2026-01-31 20:34:30,092 - ldapbatch - INFO - LDAP update for bpecheny: Success
2026-01-31 20:34:30,094 - ldapbatch - INFO - Processing user: kragor, extension: 7844101171, external: None
2026-01-31 20:36:31,437 - ldapbatch - INFO - LDAP update for kragor: Success
2026-01-31 20:36:31,439 - ldapbatch - INFO - Processing user: owolf, extension: 7844101172, external: None
2026-01-31 20:36:45,015 - ldapbatch - INFO - LDAP update for owolf: Success
2026-01-31 20:36:45,016 - ldapbatch - INFO - Processing user: dsason, extension: 7844101173, external: None
2026-01-31 20:47:44,836 - ldapbatch - INFO - LDAP update for dsason: Success
2026-01-31 20:47:44,840 - ldapbatch - INFO - Processing user: ngolovko, extension: 7844101174, external: None
2026-01-31 20:53:10,643 - ldapbatch - INFO - LDAP update for ngolovko: Success
2026-01-31 20:53:10,646 - ldapbatch - INFO - Processing user: ggoren, extension: 7844101175, external: None
2026-01-31 20:53:21,326 - ldapbatch - INFO - LDAP update for ggoren: Success
2026-01-31 20:53:21,326 - ldapbatch - INFO - Processing user: rchriste, extension: 7844101176, external: None
2026-01-31 20:53:45,070 - ldapbatch - INFO - LDAP update for rchriste: Success
2026-01-31 20:53:45,071 - ldapbatch - INFO - Processing user: eshtainb, extension: 7844101177, external: None
2026-01-31 20:54:02,354 - ldapbatch - INFO - LDAP update for eshtainb: Success
2026-01-31 20:54:02,356 - ldapbatch - INFO - Processing user: nbirman, extension: 7844101178, external: None
2026-01-31 20:54:23,880 - ldapbatch - INFO - LDAP update for nbirman: Success
2026-01-31 20:54:23,881 - ldapbatch - INFO - Processing user: zrosenta, extension: 7844101179, external: None
2026-01-31 20:54:36,593 - ldapbatch - INFO - LDAP update for zrosenta: Success
2026-01-31 20:54:36,596 - ldapbatch - INFO - Processing user: yasraf, extension: 7844101180, external: None
2026-01-31 20:54:47,180 - ldapbatch - INFO - LDAP update for yasraf: Success
2026-01-31 20:54:47,181 - ldapbatch - INFO - Processing user: isela, extension: 7844101181, external: None
2026-01-31 20:54:57,299 - ldapbatch - INFO - LDAP update for isela: Success
2026-01-31 20:54:57,301 - ldapbatch - INFO - Processing user: apilo, extension: 7844101182, external: None
2026-01-31 20:55:51,258 - ldapbatch - INFO - LDAP update for apilo: Success
2026-01-31 20:55:51,259 - ldapbatch - INFO - Processing user: rkatz, extension: 7844101183, external: None
2026-01-31 20:56:24,572 - ldapbatch - INFO - LDAP update for rkatz: Success
2026-01-31 20:56:24,574 - ldapbatch - INFO - Processing user: mbergwer, extension: 7844101186, external: None
2026-01-31 20:56:41,045 - ldapbatch - INFO - LDAP update for mbergwer: Success
2026-01-31 20:56:41,050 - ldapbatch - INFO - Processing user: reizenbe, extension: 7844101187, external: None
2026-01-31 20:56:53,145 - ldapbatch - INFO - LDAP update for reizenbe: Success
2026-01-31 20:56:53,146 - ldapbatch - INFO - Processing user: awindeck, extension: 7844101188, external: None
2026-01-31 20:57:08,138 - ldapbatch - INFO - LDAP update for awindeck: Success
2026-01-31 20:57:08,139 - ldapbatch - INFO - Processing user: oslev, extension: 7844101189, external: None
2026-01-31 20:57:18,646 - ldapbatch - INFO - LDAP update for oslev: Success
2026-01-31 20:57:18,648 - ldapbatch - INFO - Processing user: elemberb, extension: 7844101190, external: None
2026-01-31 20:57:33,754 - ldapbatch - INFO - LDAP update for elemberb: Success
2026-01-31 20:57:33,755 - ldapbatch - INFO - Processing user: egoldsch, extension: 7844101191, external: None
2026-01-31 20:57:45,984 - ldapbatch - INFO - LDAP update for egoldsch: Success
2026-01-31 20:57:45,986 - ldapbatch - INFO - Processing user: mmaman, extension: 7844101192, external: None
2026-01-31 20:57:58,198 - ldapbatch - INFO - LDAP update for mmaman: Success
2026-01-31 20:57:58,199 - ldapbatch - INFO - Processing user: nrozenbe, extension: 7844101193, external: None
2026-01-31 20:58:10,931 - ldapbatch - INFO - LDAP update for nrozenbe: Success
2026-01-31 20:58:10,932 - ldapbatch - INFO - Processing user: reldor, extension: 7844101194, external: None
2026-01-31 20:58:23,666 - ldapbatch - INFO - LDAP update for reldor: Success
2026-01-31 20:58:23,667 - ldapbatch - INFO - Processing user: imisgav, extension: 7844101195, external: None
2026-01-31 20:58:39,079 - ldapbatch - INFO - LDAP update for imisgav: Success
2026-01-31 20:58:39,082 - ldapbatch - INFO - Processing user: amor, extension: 7844101196, external: None
2026-01-31 20:58:53,881 - ldapbatch - INFO - LDAP update for amor: Success
2026-01-31 20:58:53,882 - ldapbatch - INFO - Processing user: gkochner, extension: 7844101197, external: None
2026-01-31 20:59:08,711 - ldapbatch - INFO - LDAP update for gkochner: Success
2026-01-31 20:59:08,711 - ldapbatch - INFO - Processing user: mischwar, extension: 7844101198, external: None
2026-01-31 20:59:25,531 - ldapbatch - INFO - LDAP update for mischwar: Success
2026-01-31 20:59:25,535 - ldapbatch - INFO - Processing user: ybarak, extension: 7844101199, external: None
2026-01-31 20:59:38,511 - ldapbatch - INFO - LDAP update for ybarak: Success
2026-01-31 20:59:38,512 - ldapbatch - INFO - Processing user: lravid, extension: 7844101200, external: None
2026-01-31 20:59:51,092 - ldapbatch - INFO - LDAP update for lravid: Success
2026-01-31 20:59:51,097 - ldapbatch - INFO - Processing user: isolomon, extension: 7844101698, external: None
2026-01-31 21:00:01,166 - ldapbatch - INFO - LDAP update for isolomon: Success
2026-01-31 21:00:01,168 - ldapbatch - INFO - Processing user: abravery, extension: 7844101202, external: None
2026-01-31 21:00:15,935 - ldapbatch - INFO - LDAP update for abravery: Success
2026-01-31 21:00:15,938 - ldapbatch - INFO - Processing user: abujman, extension: 7844101203, external: None
2026-01-31 21:00:28,599 - ldapbatch - INFO - LDAP update for abujman: Success
2026-01-31 21:00:28,602 - ldapbatch - INFO - Processing user: rbloch, extension: 7844101204, external: None
2026-01-31 21:00:40,072 - ldapbatch - INFO - LDAP update for rbloch: Success
2026-01-31 21:00:40,072 - ldapbatch - INFO - Processing user: ipinto, extension: 7844101205, external: None
2026-01-31 21:00:54,573 - ldapbatch - INFO - LDAP update for ipinto: Success
2026-01-31 21:00:54,574 - ldapbatch - INFO - Processing user: baizenbe, extension: 7844101206, external: None
2026-01-31 21:01:10,754 - ldapbatch - INFO - LDAP update for baizenbe: Success
2026-01-31 21:01:10,755 - ldapbatch - INFO - Processing user: yoche, extension: 7844101207, external: None
2026-01-31 21:01:20,886 - ldapbatch - INFO - LDAP update for yoche: Success
2026-01-31 21:01:20,887 - ldapbatch - INFO - Processing user: oaviv, extension: 7844101208, external: None
2026-01-31 21:01:34,376 - ldapbatch - INFO - LDAP update for oaviv: Success
2026-01-31 21:01:34,376 - ldapbatch - INFO - Processing user: sfourman, extension: 7844101209, external: None
2026-01-31 21:01:50,186 - ldapbatch - INFO - LDAP update for sfourman: Success
2026-01-31 21:01:50,188 - ldapbatch - INFO - Processing user: ivorobyo, extension: 7844101210, external: None
2026-01-31 21:02:03,250 - ldapbatch - INFO - LDAP update for ivorobyo: Success
2026-01-31 21:02:03,252 - ldapbatch - INFO - Processing user: erozner, extension: 7844101212, external: None
2026-01-31 21:02:14,378 - ldapbatch - INFO - LDAP update for erozner: Success
2026-01-31 21:02:14,379 - ldapbatch - INFO - Processing user: cmorales, extension: 7844101213, external: None
2026-01-31 21:02:56,896 - ldapbatch - INFO - LDAP update for cmorales: Success
2026-01-31 21:02:56,898 - ldapbatch - INFO - Processing user: ncaster, extension: 7844101214, external: None
2026-01-31 21:03:07,345 - ldapbatch - INFO - LDAP update for ncaster: Success
2026-01-31 21:03:07,348 - ldapbatch - INFO - Processing user: oamihay, extension: 7844101215, external: None
2026-01-31 21:03:34,912 - ldapbatch - INFO - LDAP update for oamihay: Success
2026-01-31 21:03:34,914 - ldapbatch - INFO - Processing user: eleschin, extension: 7844101216, external: None
2026-01-31 21:03:52,314 - ldapbatch - INFO - LDAP update for eleschin: Success
2026-01-31 21:03:52,316 - ldapbatch - INFO - Processing user: rmankivs, extension: 7844101217, external: None
2026-01-31 21:04:06,453 - ldapbatch - INFO - LDAP update for rmankivs: Success
2026-01-31 21:04:06,454 - ldapbatch - INFO - Processing user: lshaya, extension: 7844101218, external: None
2026-01-31 21:04:19,549 - ldapbatch - INFO - LDAP update for lshaya: Success
2026-01-31 21:04:19,551 - ldapbatch - INFO - Processing user: mbronsht, extension: 7844101219, external: None
2026-01-31 21:04:30,801 - ldapbatch - INFO - LDAP update for mbronsht: Success
2026-01-31 21:04:30,801 - ldapbatch - INFO - Processing user: obenharu, extension: 7844101220, external: None
2026-01-31 21:04:41,112 - ldapbatch - INFO - LDAP update for obenharu: Success
2026-01-31 21:04:41,113 - ldapbatch - INFO - Processing user: mgoldman, extension: 7844101699, external: None
2026-01-31 21:04:54,260 - ldapbatch - INFO - LDAP update for mgoldman: Success
2026-01-31 21:04:54,265 - ldapbatch - INFO - Processing user: klvovsky, extension: 7844101222, external: None
2026-01-31 21:05:04,896 - ldapbatch - INFO - LDAP update for klvovsky: Success
2026-01-31 21:05:04,900 - ldapbatch - INFO - Processing user: epasterm, extension: 7844101223, external: None
2026-01-31 21:05:18,163 - ldapbatch - INFO - LDAP update for epasterm: Success
2026-01-31 21:05:18,163 - ldapbatch - INFO - Processing user: rdagan, extension: 7844101224, external: None
2026-01-31 21:05:29,181 - ldapbatch - INFO - LDAP update for rdagan: Success
2026-01-31 21:05:29,185 - ldapbatch - INFO - Processing user: rshahar, extension: 7844101225, external: None
2026-01-31 21:05:42,321 - ldapbatch - INFO - LDAP update for rshahar: Success
2026-01-31 21:05:42,323 - ldapbatch - INFO - Processing user: oshen, extension: 7844101226, external: None
2026-01-31 21:08:42,846 - ldapbatch - INFO - LDAP update for oshen: Success
2026-01-31 21:08:42,847 - ldapbatch - INFO - Processing user: jecoulo, extension: 7841101063, external: None
2026-01-31 21:08:59,043 - ldapbatch - INFO - LDAP update for jecoulo: Success
2026-01-31 21:08:59,044 - ldapbatch - INFO - Processing user: mfranco, extension: 7844101227, external: None
2026-01-31 21:09:12,753 - ldapbatch - INFO - LDAP update for mfranco: Success
2026-01-31 21:09:12,755 - ldapbatch - INFO - Processing user: ashahar, extension: 7844101228, external: None
2026-01-31 21:09:26,523 - ldapbatch - INFO - LDAP update for ashahar: Success
2026-01-31 21:09:26,525 - ldapbatch - INFO - Processing user: kmufler, extension: 7844101229, external: None
2026-01-31 21:09:42,587 - ldapbatch - INFO - LDAP update for kmufler: Success
2026-01-31 21:09:42,588 - ldapbatch - INFO - Processing user: aeliovic, extension: 7844101230, external: None
2026-01-31 21:09:56,222 - ldapbatch - INFO - LDAP update for aeliovic: Success
2026-01-31 21:09:56,222 - ldapbatch - INFO - Processing user: arothste, extension: 7844101231, external: None
2026-01-31 21:10:09,677 - ldapbatch - INFO - LDAP update for arothste: Success
2026-01-31 21:10:09,679 - ldapbatch - INFO - Processing user: hweissta, extension: 7844101232, external: None
2026-01-31 21:10:21,585 - ldapbatch - INFO - LDAP update for hweissta: Success
2026-01-31 21:10:21,585 - ldapbatch - INFO - Processing user: dhirsh, extension: 7844101233, external: None
2026-01-31 21:10:34,540 - ldapbatch - INFO - LDAP update for dhirsh: Success
2026-01-31 21:10:34,541 - ldapbatch - INFO - Processing user: mtivin, extension: 7844101234, external: None
2026-01-31 21:10:49,662 - ldapbatch - INFO - LDAP update for mtivin: Success
2026-01-31 21:10:49,664 - ldapbatch - INFO - Processing user: yrakhlin, extension: 7844101235, external: None
2026-01-31 21:11:05,214 - ldapbatch - INFO - LDAP update for yrakhlin: Success
2026-01-31 21:11:05,215 - ldapbatch - INFO - Processing user: ygilvarg, extension: 7844101236, external: None
2026-01-31 21:11:20,535 - ldapbatch - INFO - LDAP update for ygilvarg: Success
2026-01-31 21:11:20,536 - ldapbatch - INFO - Processing user: rsendovs, extension: 7844101237, external: None
2026-01-31 21:11:33,382 - ldapbatch - INFO - LDAP update for rsendovs: Success
2026-01-31 21:11:33,382 - ldapbatch - INFO - Processing user: darev, extension: 7844101238, external: None
2026-01-31 21:11:50,391 - ldapbatch - INFO - LDAP update for darev: Success
2026-01-31 21:11:50,392 - ldapbatch - INFO - Processing user: zkaplan, extension: 7844101239, external: None
2026-01-31 21:12:01,923 - ldapbatch - INFO - LDAP update for zkaplan: Success
2026-01-31 21:12:01,924 - ldapbatch - INFO - Processing user: ssinger, extension: 7844101240, external: None
2026-01-31 21:12:16,431 - ldapbatch - INFO - LDAP update for ssinger: Success
2026-01-31 21:12:16,433 - ldapbatch - INFO - Processing user: rhonigma, extension: 7844101241, external: None
2026-01-31 21:12:32,959 - ldapbatch - INFO - LDAP update for rhonigma: Success
2026-01-31 21:12:32,960 - ldapbatch - INFO - Processing user: mcohenze, extension: 7844101242, external: None
2026-01-31 21:12:46,136 - ldapbatch - INFO - LDAP update for mcohenze: Success
2026-01-31 21:12:46,140 - ldapbatch - INFO - Processing user: ietzion, extension: 7844101243, external: None
2026-01-31 21:12:59,910 - ldapbatch - INFO - LDAP update for ietzion: Success
2026-01-31 21:12:59,911 - ldapbatch - INFO - Processing user: drahamim, extension: 7844101244, external: None
2026-01-31 21:13:13,926 - ldapbatch - INFO - LDAP update for drahamim: Success
2026-01-31 21:13:13,930 - ldapbatch - INFO - Processing user: hamon, extension: 7841101064, external: None
2026-01-31 21:13:32,768 - ldapbatch - INFO - LDAP update for hamon: Success
2026-01-31 21:13:32,769 - ldapbatch - INFO - Processing user: ashlomo, extension: 7844101245, external: None
2026-01-31 21:13:47,210 - ldapbatch - INFO - LDAP update for ashlomo: Success
2026-01-31 21:13:47,212 - ldapbatch - INFO - Processing user: ysherer, extension: 7844101246, external: None
2026-01-31 21:14:02,113 - ldapbatch - INFO - LDAP update for ysherer: Success
2026-01-31 21:14:02,114 - ldapbatch - INFO - Processing user: jbishara, extension: 7844101247, external: None
2026-01-31 21:14:12,633 - ldapbatch - INFO - LDAP update for jbishara: Success
2026-01-31 21:14:12,634 - ldapbatch - INFO - Processing user: allev, extension: 7844101249, external: None
2026-01-31 21:14:26,529 - ldapbatch - INFO - LDAP update for allev: Success
2026-01-31 21:14:26,530 - ldapbatch - INFO - Processing user: nreshef, extension: 7844101250, external: None
2026-01-31 21:14:38,404 - ldapbatch - INFO - LDAP update for nreshef: Success
2026-01-31 21:14:38,406 - ldapbatch - INFO - Processing user: dlevit, extension: 7844101251, external: None
2026-01-31 21:14:49,862 - ldapbatch - INFO - LDAP update for dlevit: Success
2026-01-31 21:14:49,864 - ldapbatch - INFO - Processing user: eflash, extension: 7844101252, external: None
2026-01-31 21:15:04,784 - ldapbatch - INFO - LDAP update for eflash: Success
2026-01-31 21:15:04,786 - ldapbatch - INFO - Processing user: yushafri, extension: 7844101253, external: None
2026-01-31 21:15:15,747 - ldapbatch - INFO - LDAP update for yushafri: Success
2026-01-31 21:15:15,751 - ldapbatch - INFO - Processing user: salmog, extension: 7844101254, external: None
2026-01-31 21:15:30,924 - ldapbatch - INFO - LDAP update for salmog: Success
2026-01-31 21:15:30,925 - ldapbatch - INFO - Processing user: aavivi, extension: 7844101255, external: None
2026-01-31 21:15:47,904 - ldapbatch - INFO - LDAP update for aavivi: Success
2026-01-31 21:15:47,906 - ldapbatch - INFO - Processing user: ybasford, extension: 7844101256, external: None
2026-01-31 21:16:03,825 - ldapbatch - INFO - LDAP update for ybasford: Success
2026-01-31 21:16:03,827 - ldapbatch - INFO - Processing user: ikorchom, extension: 7844101257, external: None
2026-01-31 21:16:17,786 - ldapbatch - INFO - LDAP update for ikorchom: Success
2026-01-31 21:16:17,787 - ldapbatch - INFO - Processing user: hwarshav, extension: 7844101258, external: None
2026-01-31 21:16:31,259 - ldapbatch - INFO - LDAP update for hwarshav: Success
2026-01-31 21:16:31,259 - ldapbatch - INFO - Processing user: myaakobi, extension: 7844101259, external: None
2026-01-31 21:16:47,529 - ldapbatch - INFO - LDAP update for myaakobi: Success
2026-01-31 21:16:47,530 - ldapbatch - INFO - Processing user: ohanuka, extension: 7844101260, external: None
2026-01-31 21:17:06,028 - ldapbatch - INFO - LDAP update for ohanuka: Success
2026-01-31 21:17:06,029 - ldapbatch - INFO - Processing user: ynewman, extension: 7844101261, external: None
2026-01-31 21:17:20,784 - ldapbatch - INFO - LDAP update for ynewman: Success
2026-01-31 21:17:20,785 - ldapbatch - INFO - Processing user: ywallach, extension: 7844101262, external: None
2026-01-31 21:17:36,859 - ldapbatch - INFO - LDAP update for ywallach: Success
2026-01-31 21:17:36,860 - ldapbatch - INFO - Processing user: nmakmal, extension: 7844101264, external: None
2026-01-31 21:18:21,775 - ldapbatch - INFO - LDAP update for nmakmal: Success
2026-01-31 21:18:21,777 - ldapbatch - INFO - Processing user: mdemiche, extension: 7841101065, external: None
2026-01-31 21:18:35,463 - ldapbatch - INFO - LDAP update for mdemiche: Success
2026-01-31 21:18:35,464 - ldapbatch - INFO - Processing user: jvermeer, extension: 7841101066, external: None
2026-01-31 21:18:48,111 - ldapbatch - INFO - LDAP update for jvermeer: Success
2026-01-31 21:18:48,112 - ldapbatch - INFO - Processing user: ggeller, extension: 7844101265, external: None
2026-01-31 21:19:28,012 - ldapbatch - INFO - LDAP update for ggeller: Success
2026-01-31 21:19:28,013 - ldapbatch - INFO - Processing user: ekarol, extension: 7844101267, external: None
2026-01-31 21:19:42,053 - ldapbatch - INFO - LDAP update for ekarol: Success
2026-01-31 21:19:42,055 - ldapbatch - INFO - Processing user: mtsioni, extension: 7844101268, external: None
2026-01-31 21:19:55,101 - ldapbatch - INFO - LDAP update for mtsioni: Success
2026-01-31 21:19:55,102 - ldapbatch - INFO - Processing user: sabulafi, extension: 7844101269, external: None
2026-01-31 21:20:18,525 - ldapbatch - INFO - LDAP update for sabulafi: Success
2026-01-31 21:20:18,526 - ldapbatch - INFO - Processing user: mkrispil, extension: 7844101270, external: None
2026-01-31 21:20:35,807 - ldapbatch - INFO - LDAP update for mkrispil: Success
2026-01-31 21:20:35,809 - ldapbatch - INFO - Processing user: lbennaon, extension: 7844101271, external: None
2026-01-31 21:20:47,705 - ldapbatch - INFO - LDAP update for lbennaon: Success
2026-01-31 21:20:47,706 - ldapbatch - INFO - Processing user: rabloch, extension: 7844101272, external: None
2026-01-31 21:21:02,586 - ldapbatch - INFO - LDAP update for rabloch: Success
2026-01-31 21:21:02,588 - ldapbatch - INFO - Processing user: akalmovi, extension: 7844101273, external: None
2026-01-31 21:21:14,119 - ldapbatch - INFO - LDAP update for akalmovi: Success
2026-01-31 21:21:14,120 - ldapbatch - INFO - Processing user: dtub, extension: 7844101274, external: None
2026-01-31 21:21:28,826 - ldapbatch - INFO - LDAP update for dtub: Success
2026-01-31 21:21:28,828 - ldapbatch - INFO - Processing user: jglushko, extension: 7844101275, external: None
2026-01-31 21:21:44,670 - ldapbatch - INFO - LDAP update for jglushko: Success
2026-01-31 21:21:44,673 - ldapbatch - INFO - Processing user: magoldma, extension: 7844101276, external: None
2026-01-31 21:22:01,809 - ldapbatch - INFO - LDAP update for magoldma: Success
2026-01-31 21:22:01,810 - ldapbatch - INFO - Processing user: mdeutsch, extension: 7844101277, external: None
2026-01-31 21:22:16,729 - ldapbatch - INFO - LDAP update for mdeutsch: Success
2026-01-31 21:22:16,729 - ldapbatch - INFO - Processing user: rsirotki, extension: 7844101278, external: None
2026-01-31 21:22:29,639 - ldapbatch - INFO - LDAP update for rsirotki: Success
2026-01-31 21:22:29,641 - ldapbatch - INFO - Processing user: nfreedma, extension: 7844101279, external: None
2026-01-31 21:22:42,149 - ldapbatch - INFO - LDAP update for nfreedma: Success
2026-01-31 21:22:42,152 - ldapbatch - INFO - Processing user: sleibovi, extension: 7844101280, external: None
2026-01-31 21:22:54,278 - ldapbatch - INFO - LDAP update for sleibovi: Success
2026-01-31 21:22:54,279 - ldapbatch - INFO - Processing user: oattar, extension: 7844101281, external: None
2026-01-31 21:23:07,436 - ldapbatch - INFO - LDAP update for oattar: Success
2026-01-31 21:23:07,437 - ldapbatch - INFO - Processing user: ozuckerm, extension: 7844101282, external: None
2026-01-31 21:23:21,642 - ldapbatch - INFO - LDAP update for ozuckerm: Success
2026-01-31 21:23:21,646 - ldapbatch - INFO - Processing user: mrogozov, extension: 7844101283, external: None
2026-01-31 21:23:35,540 - ldapbatch - INFO - LDAP update for mrogozov: Success
2026-01-31 21:23:35,541 - ldapbatch - INFO - Processing user: nnamer, extension: 7844101284, external: None
2026-01-31 21:27:37,273 - ldapbatch - INFO - LDAP update for nnamer: Success
2026-01-31 21:27:37,277 - ldapbatch - INFO - Processing user: hharari, extension: 7844101285, external: None
2026-01-31 21:27:58,179 - ldapbatch - INFO - LDAP update for hharari: Success
2026-01-31 21:27:58,180 - ldapbatch - INFO - Processing user: sgarti, extension: 7844101286, external: None
2026-01-31 21:30:19,718 - ldapbatch - INFO - LDAP update for sgarti: Success
2026-01-31 21:30:19,720 - ldapbatch - INFO - Processing user: atalyose, extension: 7844101287, external: None
2026-01-31 21:30:34,338 - ldapbatch - INFO - LDAP update for atalyose: Success
2026-01-31 21:30:34,342 - ldapbatch - INFO - Processing user: ysufrin, extension: 7844101288, external: None
2026-01-31 21:30:50,009 - ldapbatch - INFO - LDAP update for ysufrin: Success
2026-01-31 21:30:50,013 - ldapbatch - INFO - Processing user: lforer, extension: 7844101289, external: None
2026-01-31 21:32:39,167 - ldapbatch - INFO - LDAP update for lforer: Success
2026-01-31 21:32:39,169 - ldapbatch - INFO - Processing user: akessner, extension: 7844101290, external: None
2026-01-31 21:32:57,684 - ldapbatch - INFO - LDAP update for akessner: Success
2026-01-31 21:32:57,686 - ldapbatch - INFO - Processing user: skara, extension: 7844101291, external: None
2026-01-31 21:33:10,427 - ldapbatch - INFO - LDAP update for skara: Success
2026-01-31 21:33:10,428 - ldapbatch - INFO - Processing user: ikorenbl, extension: 7844101292, external: None
2026-01-31 21:33:24,142 - ldapbatch - INFO - LDAP update for ikorenbl: Success
2026-01-31 21:33:24,144 - ldapbatch - INFO - Processing user: tpeled, extension: 7844101293, external: None
2026-01-31 21:33:38,071 - ldapbatch - INFO - LDAP update for tpeled: Success
2026-01-31 21:33:38,072 - ldapbatch - INFO - Processing user: orcohen, extension: 7844101294, external: None
2026-01-31 21:33:50,825 - ldapbatch - INFO - LDAP update for orcohen: Success
2026-01-31 21:33:50,826 - ldapbatch - INFO - Processing user: omoisi, extension: 7844101295, external: None
2026-01-31 21:34:05,921 - ldapbatch - INFO - LDAP update for omoisi: Success
2026-01-31 21:34:05,925 - ldapbatch - INFO - Processing user: osemyono, extension: 7844101296, external: None
2026-01-31 21:34:54,794 - ldapbatch - INFO - LDAP update for osemyono: Success
2026-01-31 21:34:54,796 - ldapbatch - INFO - Processing user: mbenyahi, extension: 7841101067, external: None
2026-01-31 21:35:06,844 - ldapbatch - INFO - LDAP update for mbenyahi: Success
2026-01-31 21:35:06,845 - ldapbatch - INFO - Processing user: natias, extension: 7844101298, external: None
2026-01-31 21:35:21,065 - ldapbatch - INFO - LDAP update for natias: Success
2026-01-31 21:35:21,066 - ldapbatch - INFO - Processing user: sacohen, extension: 7844101299, external: None
2026-01-31 21:35:36,497 - ldapbatch - INFO - LDAP update for sacohen: Success
2026-01-31 21:35:36,502 - ldapbatch - INFO - Processing user: tlevha, extension: 7844101300, external: None
2026-01-31 21:35:50,641 - ldapbatch - INFO - LDAP update for tlevha: Success
2026-01-31 21:35:50,643 - ldapbatch - INFO - Processing user: aalapi, extension: 7844101301, external: None
2026-01-31 21:36:03,367 - ldapbatch - INFO - LDAP update for aalapi: Success
2026-01-31 21:36:03,371 - ldapbatch - INFO - Processing user: yzadok, extension: 7844101302, external: None
2026-01-31 21:36:25,906 - ldapbatch - INFO - LDAP update for yzadok: Success
2026-01-31 21:36:25,908 - ldapbatch - INFO - Processing user: drpaz, extension: 7844101303, external: None
2026-01-31 21:36:42,271 - ldapbatch - INFO - LDAP update for drpaz: Success
2026-01-31 21:36:42,273 - ldapbatch - INFO - Processing user: lozeryan, extension: 7844101304, external: None
2026-01-31 21:36:57,241 - ldapbatch - INFO - LDAP update for lozeryan: Success
2026-01-31 21:36:57,242 - ldapbatch - INFO - Processing user: dshavit, extension: 7844101305, external: None
2026-01-31 21:37:12,038 - ldapbatch - INFO - LDAP update for dshavit: Success
2026-01-31 21:37:12,040 - ldapbatch - INFO - Processing user: oshochen, extension: 7844101306, external: None
2026-01-31 21:37:24,320 - ldapbatch - INFO - LDAP update for oshochen: Success
2026-01-31 21:37:24,322 - ldapbatch - INFO - Processing user: tbelouso, extension: 7844101307, external: None
2026-01-31 21:37:38,676 - ldapbatch - INFO - LDAP update for tbelouso: Success
2026-01-31 21:37:38,678 - ldapbatch - INFO - Processing user: ashvarts, extension: 7844101308, external: None
2026-01-31 21:40:49,558 - ldapbatch - INFO - LDAP update for ashvarts: Success
2026-01-31 21:40:49,560 - ldapbatch - INFO - Processing user: thuber, extension: 7844101309, external: None
2026-01-31 21:41:05,535 - ldapbatch - INFO - LDAP update for thuber: Success
2026-01-31 21:41:05,536 - ldapbatch - INFO - Processing user: smartin, extension: 7844101310, external: None
2026-01-31 21:42:45,955 - ldapbatch - INFO - LDAP update for smartin: Success
2026-01-31 21:42:45,956 - ldapbatch - INFO - Processing user: rceccari, extension: 7841101068, external: None
2026-01-31 21:42:56,996 - ldapbatch - INFO - LDAP update for rceccari: Success
2026-01-31 21:42:56,997 - ldapbatch - INFO - Processing user: msimonov, extension: 7844101311, external: None
2026-01-31 21:43:10,493 - ldapbatch - INFO - LDAP update for msimonov: Success
2026-01-31 21:43:10,495 - ldapbatch - INFO - Processing user: abarel, extension: 7844101312, external: None
2026-01-31 21:43:20,526 - ldapbatch - INFO - LDAP update for abarel: Success
2026-01-31 21:43:20,527 - ldapbatch - INFO - Processing user: abregman, extension: 7844101313, external: None
2026-01-31 21:43:30,330 - ldapbatch - INFO - LDAP update for abregman: Success
2026-01-31 21:43:30,333 - ldapbatch - INFO - Processing user: omcohen, extension: 7844101314, external: None
2026-01-31 21:43:52,478 - ldapbatch - INFO - LDAP update for omcohen: Success
2026-01-31 21:43:52,479 - ldapbatch - INFO - Processing user: tcastle, extension: 7841101069, external: None
2026-01-31 21:44:09,200 - ldapbatch - INFO - LDAP update for tcastle: Success
2026-01-31 21:44:09,201 - ldapbatch - INFO - Processing user: igada, extension: 7844101315, external: None
2026-01-31 21:44:23,449 - ldapbatch - INFO - LDAP update for igada: Success
2026-01-31 21:44:23,451 - ldapbatch - INFO - Processing user: traz, extension: 7844101316, external: None
2026-01-31 21:44:36,029 - ldapbatch - INFO - LDAP update for traz: Success
2026-01-31 21:44:36,030 - ldapbatch - INFO - Processing user: iharel, extension: 7844101317, external: None
2026-01-31 21:44:52,724 - ldapbatch - INFO - LDAP update for iharel: Success
2026-01-31 21:44:52,725 - ldapbatch - INFO - Processing user: ipolackg, extension: 7844101318, external: None
2026-01-31 21:45:34,663 - ldapbatch - INFO - LDAP update for ipolackg: Success
2026-01-31 21:45:34,664 - ldapbatch - INFO - Processing user: amack, extension: 7844101319, external: None
2026-01-31 21:45:45,624 - ldapbatch - INFO - LDAP update for amack: Success
2026-01-31 21:45:45,625 - ldapbatch - INFO - Processing user: isushkov, extension: 7844101320, external: None
2026-01-31 21:45:59,335 - ldapbatch - INFO - LDAP update for isushkov: Success
2026-01-31 21:45:59,336 - ldapbatch - INFO - Processing user: lfux, extension: 7844101321, external: None
2026-01-31 21:46:15,259 - ldapbatch - INFO - LDAP update for lfux: Success
2026-01-31 21:46:15,262 - ldapbatch - INFO - Processing user: rshlomo, extension: 7844101322, external: None
2026-01-31 21:46:33,825 - ldapbatch - INFO - LDAP update for rshlomo: Success
2026-01-31 21:46:33,826 - ldapbatch - INFO - Processing user: srabinov, extension: 7844101323, external: None
2026-01-31 21:46:44,709 - ldapbatch - INFO - LDAP update for srabinov: Success
2026-01-31 21:46:44,712 - ldapbatch - INFO - Processing user: srachami, extension: 7844101324, external: None
2026-01-31 21:47:44,232 - ldapbatch - INFO - LDAP update for srachami: Success
2026-01-31 21:47:44,234 - ldapbatch - INFO - Processing user: ltenenbo, extension: 7844101325, external: None
2026-01-31 21:47:56,311 - ldapbatch - INFO - LDAP update for ltenenbo: Success
2026-01-31 21:47:56,312 - ldapbatch - INFO - Processing user: ikoren, extension: 7844101326, external: None
2026-01-31 21:48:10,995 - ldapbatch - INFO - LDAP update for ikoren: Success
2026-01-31 21:48:10,998 - ldapbatch - INFO - Processing user: asabo, extension: 7844101327, external: None
2026-01-31 21:48:21,637 - ldapbatch - INFO - LDAP update for asabo: Success
2026-01-31 21:48:21,639 - ldapbatch - INFO - Processing user: erefaeli, extension: 7844101328, external: None
2026-01-31 21:48:33,120 - ldapbatch - INFO - LDAP update for erefaeli: Success
2026-01-31 21:48:33,121 - ldapbatch - INFO - Processing user: gtoptuno, extension: 7844101329, external: None
2026-01-31 21:48:47,809 - ldapbatch - INFO - LDAP update for gtoptuno: Success
2026-01-31 21:48:47,812 - ldapbatch - INFO - Processing user: kzemnuch, extension: 7844101330, external: None
2026-01-31 21:49:04,683 - ldapbatch - INFO - LDAP update for kzemnuch: Success
2026-01-31 21:49:04,685 - ldapbatch - INFO - Processing user: ashavit, extension: 7844101331, external: None
2026-01-31 21:49:39,047 - ldapbatch - INFO - LDAP update for ashavit: Success
2026-01-31 21:49:39,048 - ldapbatch - INFO - Processing user: mrain, extension: 7844101332, external: None
2026-01-31 21:49:55,425 - ldapbatch - INFO - LDAP update for mrain: Success
2026-01-31 21:49:55,426 - ldapbatch - INFO - Processing user: odabach, extension: 7844101333, external: None
2026-01-31 21:50:07,284 - ldapbatch - INFO - LDAP update for odabach: Success
2026-01-31 21:50:07,285 - ldapbatch - INFO - Processing user: eperry, extension: 7844101334, external: None
2026-01-31 21:50:18,955 - ldapbatch - INFO - LDAP update for eperry: Success
2026-01-31 21:50:18,956 - ldapbatch - INFO - Processing user: ufleisch, extension: 7844101335, external: None
2026-01-31 21:51:39,108 - ldapbatch - INFO - LDAP update for ufleisch: Success
2026-01-31 21:51:39,110 - ldapbatch - INFO - Processing user: gsayag, extension: 7844101336, external: None
2026-01-31 21:51:55,012 - ldapbatch - INFO - LDAP update for gsayag: Success
2026-01-31 21:51:55,014 - ldapbatch - INFO - Processing user: gkuznets, extension: 7844101337, external: None
2026-01-31 21:52:09,018 - ldapbatch - INFO - LDAP update for gkuznets: Success
2026-01-31 21:52:09,020 - ldapbatch - INFO - Processing user: okogan, extension: 7844101338, external: None
2026-01-31 21:52:22,432 - ldapbatch - INFO - LDAP update for okogan: Success
2026-01-31 21:52:22,433 - ldapbatch - INFO - Processing user: abailly, extension: 7841101070, external: None
2026-01-31 21:52:36,991 - ldapbatch - INFO - LDAP update for abailly: Success
2026-01-31 21:52:36,992 - ldapbatch - INFO - Processing user: nholl, extension: 7844101339, external: None
2026-01-31 21:52:54,531 - ldapbatch - INFO - LDAP update for nholl: Success
2026-01-31 21:52:54,532 - ldapbatch - INFO - Processing user: rlevron, extension: 7844101340, external: None
2026-01-31 21:53:09,077 - ldapbatch - INFO - LDAP update for rlevron: Success
2026-01-31 21:53:09,080 - ldapbatch - INFO - Processing user: slaor, extension: 7844101341, external: None
2026-01-31 21:53:28,957 - ldapbatch - INFO - LDAP update for slaor: Success
2026-01-31 21:53:28,959 - ldapbatch - INFO - Processing user: mperlman, extension: 7844101342, external: None
2026-01-31 21:53:40,448 - ldapbatch - INFO - LDAP update for mperlman: Success
2026-01-31 21:53:40,449 - ldapbatch - INFO - Processing user: acygel, extension: 7844101343, external: None
2026-01-31 21:53:52,427 - ldapbatch - INFO - LDAP update for acygel: Success
2026-01-31 21:53:52,428 - ldapbatch - INFO - Processing user: ylempert, extension: 7844101345, external: None
2026-01-31 21:54:07,085 - ldapbatch - INFO - LDAP update for ylempert: Success
2026-01-31 21:54:07,086 - ldapbatch - INFO - Processing user: gpeled, extension: 7844101347, external: None
2026-01-31 21:54:26,195 - ldapbatch - INFO - LDAP update for gpeled: Success
2026-01-31 21:54:26,197 - ldapbatch - INFO - Processing user: dberger, extension: 7844101349, external: None
2026-01-31 21:54:39,529 - ldapbatch - INFO - LDAP update for dberger: Success
2026-01-31 21:54:39,530 - ldapbatch - INFO - Processing user: trozen, extension: 7844101350, external: None
2026-01-31 21:54:54,335 - ldapbatch - INFO - LDAP update for trozen: Success
2026-01-31 21:54:54,338 - ldapbatch - INFO - Processing user: tahrak, extension: 7844101351, external: None
2026-01-31 21:56:25,894 - ldapbatch - INFO - LDAP update for tahrak: Success
2026-01-31 21:56:25,898 - ldapbatch - INFO - Processing user: avolpert, extension: 7844101352, external: None
2026-01-31 21:57:17,318 - ldapbatch - INFO - LDAP update for avolpert: Success
2026-01-31 21:57:17,322 - ldapbatch - INFO - Processing user: ybarksht, extension: 7844101353, external: None
2026-01-31 21:57:32,353 - ldapbatch - INFO - LDAP update for ybarksht: Success
2026-01-31 21:57:32,356 - ldapbatch - INFO - Processing user: reliyahu, extension: 7844101355, external: None
2026-01-31 21:57:46,470 - ldapbatch - INFO - LDAP update for reliyahu: Success
2026-01-31 21:57:46,471 - ldapbatch - INFO - Processing user: ltau, extension: 7844101357, external: None
2026-01-31 21:58:00,874 - ldapbatch - INFO - LDAP update for ltau: Success
2026-01-31 21:58:00,875 - ldapbatch - INFO - Processing user: alionet, extension: 7841101071, external: None
2026-01-31 21:58:14,566 - ldapbatch - INFO - LDAP update for alionet: Success
2026-01-31 21:58:14,568 - ldapbatch - INFO - Processing user: bsavraso, extension: 7844101358, external: None
2026-01-31 21:58:24,436 - ldapbatch - INFO - LDAP update for bsavraso: Success
2026-01-31 21:58:24,438 - ldapbatch - INFO - Processing user: amittler, extension: 7844101359, external: None
2026-01-31 21:58:35,971 - ldapbatch - INFO - LDAP update for amittler: Success
2026-01-31 21:58:35,974 - ldapbatch - INFO - Processing user: ltajan, extension: 7841101072, external: None
2026-01-31 21:58:52,791 - ldapbatch - INFO - LDAP update for ltajan: Success
2026-01-31 21:58:52,794 - ldapbatch - INFO - Processing user: yagolan, extension: 7844101360, external: None
2026-01-31 21:59:08,718 - ldapbatch - INFO - LDAP update for yagolan: Success
2026-01-31 21:59:08,720 - ldapbatch - INFO - Processing user: mshitrit, extension: 7844101361, external: None
2026-01-31 21:59:22,268 - ldapbatch - INFO - LDAP update for mshitrit: Success
2026-01-31 21:59:22,270 - ldapbatch - INFO - Processing user: lnachman, extension: 7844101364, external: None
2026-01-31 21:59:36,871 - ldapbatch - INFO - LDAP update for lnachman: Success
2026-01-31 21:59:36,872 - ldapbatch - INFO - Processing user: jshimoni, extension: 7844101365, external: None
2026-01-31 21:59:52,824 - ldapbatch - INFO - LDAP update for jshimoni: Success
2026-01-31 21:59:52,825 - ldapbatch - INFO - Processing user: zfurman, extension: 7844101366, external: None
2026-01-31 22:00:05,484 - ldapbatch - INFO - LDAP update for zfurman: Success
2026-01-31 22:00:05,486 - ldapbatch - INFO - Processing user: tisascha, extension: 7844101367, external: None
2026-01-31 22:00:50,181 - ldapbatch - INFO - LDAP update for tisascha: Success
2026-01-31 22:00:50,186 - ldapbatch - INFO - Processing user: ygabai, extension: 7844101368, external: None
2026-01-31 22:01:06,648 - ldapbatch - INFO - LDAP update for ygabai: Success
2026-01-31 22:01:06,649 - ldapbatch - INFO - Processing user: ydan, extension: 7844101369, external: None
2026-01-31 22:01:18,737 - ldapbatch - INFO - LDAP update for ydan: Success
2026-01-31 22:01:18,738 - ldapbatch - INFO - Processing user: sburman, extension: 7844101370, external: None
2026-01-31 22:01:31,532 - ldapbatch - INFO - LDAP update for sburman: Success
2026-01-31 22:01:31,533 - ldapbatch - INFO - Processing user: iromane, extension: 7841101073, external: None
2026-01-31 22:02:12,059 - ldapbatch - INFO - LDAP update for iromane: Success
2026-01-31 22:02:12,063 - ldapbatch - INFO - Processing user: trozy, extension: 7844101371, external: None
2026-01-31 22:02:25,487 - ldapbatch - INFO - LDAP update for trozy: Success
2026-01-31 22:02:25,488 - ldapbatch - INFO - Processing user: irolnik, extension: 7844101372, external: None
2026-01-31 22:02:40,929 - ldapbatch - INFO - LDAP update for irolnik: Success
2026-01-31 22:02:40,930 - ldapbatch - INFO - Processing user: dsweet, extension: 7844101373, external: None
2026-01-31 22:02:55,584 - ldapbatch - INFO - LDAP update for dsweet: Success
2026-01-31 22:02:55,586 - ldapbatch - INFO - Processing user: mpinto, extension: 7844101374, external: None
2026-01-31 22:03:07,652 - ldapbatch - INFO - LDAP update for mpinto: Success
2026-01-31 22:03:07,654 - ldapbatch - INFO - Processing user: davihasi, extension: 7844101375, external: None
2026-01-31 22:03:18,876 - ldapbatch - INFO - LDAP update for davihasi: Success
2026-01-31 22:03:18,877 - ldapbatch - INFO - Processing user: ddori, extension: 7844101376, external: None
2026-01-31 22:03:32,779 - ldapbatch - INFO - LDAP update for ddori: Success
2026-01-31 22:03:32,780 - ldapbatch - INFO - Processing user: skayof, extension: 7844101377, external: None
2026-01-31 22:03:45,713 - ldapbatch - INFO - LDAP update for skayof: Success
2026-01-31 22:03:45,714 - ldapbatch - INFO - Processing user: isagir, extension: 7844101378, external: None
2026-01-31 22:03:57,478 - ldapbatch - INFO - LDAP update for isagir: Success
2026-01-31 22:03:57,481 - ldapbatch - INFO - Processing user: yshlezin, extension: 7844101379, external: None
2026-01-31 22:04:16,357 - ldapbatch - INFO - LDAP update for yshlezin: Success
2026-01-31 22:04:16,358 - ldapbatch - INFO - Processing user: noner, extension: 7844101380, external: None
2026-01-31 22:04:29,001 - ldapbatch - INFO - LDAP update for noner: Success
2026-01-31 22:04:29,001 - ldapbatch - INFO - Processing user: yshvidle, extension: 7844101383, external: None
2026-01-31 22:04:42,188 - ldapbatch - INFO - LDAP update for yshvidle: Success
2026-01-31 22:04:42,189 - ldapbatch - INFO - Processing user: awurom, extension: 7844101384, external: None
2026-01-31 22:04:56,802 - ldapbatch - INFO - LDAP update for awurom: Success
2026-01-31 22:04:56,805 - ldapbatch - INFO - Processing user: mdiamant, extension: 7844101385, external: None
2026-01-31 22:05:06,854 - ldapbatch - INFO - LDAP update for mdiamant: Success
2026-01-31 22:05:06,858 - ldapbatch - INFO - Processing user: arikelma, extension: 7844101386, external: None
2026-01-31 22:05:18,485 - ldapbatch - INFO - LDAP update for arikelma: Success
2026-01-31 22:05:18,486 - ldapbatch - INFO - Processing user: gamit, extension: 7844101387, external: None
2026-01-31 22:05:32,597 - ldapbatch - INFO - LDAP update for gamit: Success
2026-01-31 22:05:32,598 - ldapbatch - INFO - Processing user: emarkov, extension: 7844101389, external: None
2026-01-31 22:05:44,580 - ldapbatch - INFO - LDAP update for emarkov: Success
2026-01-31 22:05:44,581 - ldapbatch - INFO - Processing user: ghasson, extension: 7844101390, external: None
2026-01-31 22:05:58,239 - ldapbatch - INFO - LDAP update for ghasson: Success
2026-01-31 22:05:58,240 - ldapbatch - INFO - Processing user: edupont, extension: 7844101391, external: None
2026-01-31 22:06:12,652 - ldapbatch - INFO - LDAP update for edupont: Success
2026-01-31 22:06:12,654 - ldapbatch - INFO - Processing user: yhen, extension: 7844101392, external: None
2026-01-31 22:06:26,022 - ldapbatch - INFO - LDAP update for yhen: Success
2026-01-31 22:06:26,023 - ldapbatch - INFO - Processing user: adyoung, extension: 7844101393, external: None
2026-01-31 22:06:38,424 - ldapbatch - INFO - LDAP update for adyoung: Success
2026-01-31 22:06:38,427 - ldapbatch - INFO - Processing user: oricohen, extension: 7844101394, external: None
2026-01-31 22:06:51,080 - ldapbatch - INFO - LDAP update for oricohen: Success
2026-01-31 22:06:51,082 - ldapbatch - INFO - Processing user: gprieste, extension: 7844101395, external: None
2026-01-31 22:07:06,905 - ldapbatch - INFO - LDAP update for gprieste: Success
2026-01-31 22:07:06,907 - ldapbatch - INFO - Processing user: amaizens, extension: 7844101396, external: None
2026-01-31 22:07:23,147 - ldapbatch - INFO - LDAP update for amaizens: Success
2026-01-31 22:07:23,148 - ldapbatch - INFO - Processing user: advorets, extension: 7844101397, external: None
2026-01-31 22:07:35,231 - ldapbatch - INFO - LDAP update for advorets: Success
2026-01-31 22:07:35,234 - ldapbatch - INFO - Processing user: gpaz, extension: 7844101398, external: None
2026-01-31 22:07:54,120 - ldapbatch - INFO - LDAP update for gpaz: Success
2026-01-31 22:07:54,122 - ldapbatch - INFO - Processing user: mberline, extension: 7844101399, external: None
2026-01-31 22:08:06,098 - ldapbatch - INFO - LDAP update for mberline: Success
2026-01-31 22:08:06,100 - ldapbatch - INFO - Processing user: lmalinia, extension: 7844101400, external: None
2026-01-31 22:08:20,015 - ldapbatch - INFO - LDAP update for lmalinia: Success
2026-01-31 22:08:20,016 - ldapbatch - INFO - Processing user: omoskovi, extension: 7844101401, external: None
2026-01-31 22:08:31,525 - ldapbatch - INFO - LDAP update for omoskovi: Success
2026-01-31 22:08:31,530 - ldapbatch - INFO - Processing user: rrozen, extension: 7844101402, external: None
2026-01-31 22:08:45,940 - ldapbatch - INFO - LDAP update for rrozen: Success
2026-01-31 22:08:45,943 - ldapbatch - INFO - Processing user: hbar, extension: 7844101403, external: None
2026-01-31 22:09:01,757 - ldapbatch - INFO - LDAP update for hbar: Success
2026-01-31 22:09:01,758 - ldapbatch - INFO - Processing user: aortal, extension: 7844101404, external: None
2026-01-31 22:09:18,328 - ldapbatch - INFO - LDAP update for aortal: Success
2026-01-31 22:09:18,332 - ldapbatch - INFO - Processing user: nnaaman, extension: 7844101405, external: None
2026-01-31 22:09:37,566 - ldapbatch - INFO - LDAP update for nnaaman: Success
2026-01-31 22:09:37,568 - ldapbatch - INFO - Processing user: izafrir, extension: 7844101406, external: None
2026-01-31 22:09:55,753 - ldapbatch - INFO - LDAP update for izafrir: Success
2026-01-31 22:09:55,758 - ldapbatch - INFO - Processing user: tkowler, extension: 7844101407, external: None
2026-01-31 22:10:13,053 - ldapbatch - INFO - LDAP update for tkowler: Success
2026-01-31 22:10:13,055 - ldapbatch - INFO - Processing user: spodgoro, extension: 7844101408, external: None
2026-01-31 22:10:27,050 - ldapbatch - INFO - LDAP update for spodgoro: Success
2026-01-31 22:10:27,051 - ldapbatch - INFO - Processing user: sgazit, extension: 7844101409, external: None
2026-01-31 22:10:40,457 - ldapbatch - INFO - LDAP update for sgazit: Success
2026-01-31 22:10:40,458 - ldapbatch - INFO - Processing user: ndavidov, extension: 7844101410, external: None
2026-01-31 22:10:55,525 - ldapbatch - INFO - LDAP update for ndavidov: Success
2026-01-31 22:10:55,527 - ldapbatch - INFO - Processing user: akreizel, extension: 7844101411, external: None
2026-01-31 22:11:09,480 - ldapbatch - INFO - LDAP update for akreizel: Success
2026-01-31 22:11:09,482 - ldapbatch - INFO - Processing user: eneufeld, extension: 7844101412, external: None
2026-01-31 22:11:25,936 - ldapbatch - INFO - LDAP update for eneufeld: Success
2026-01-31 22:11:25,937 - ldapbatch - INFO - Processing user: bmichali, extension: 7844101413, external: None
2026-01-31 22:11:57,359 - ldapbatch - INFO - LDAP update for bmichali: Success
2026-01-31 22:11:57,362 - ldapbatch - INFO - Processing user: aavichse, extension: 7844101414, external: None
2026-01-31 22:12:17,072 - ldapbatch - INFO - LDAP update for aavichse: Success
2026-01-31 22:12:17,074 - ldapbatch - INFO - Processing user: lcozlin, extension: 7841101074, external: None
2026-01-31 22:12:31,090 - ldapbatch - INFO - LDAP update for lcozlin: Success
2026-01-31 22:12:31,094 - ldapbatch - INFO - Processing user: delmaleh, extension: 7844101415, external: None
2026-01-31 22:12:47,909 - ldapbatch - INFO - LDAP update for delmaleh: Success
2026-01-31 22:12:47,913 - ldapbatch - INFO - Processing user: rmagori, extension: 7844101416, external: None
2026-01-31 22:13:03,223 - ldapbatch - INFO - LDAP update for rmagori: Success
2026-01-31 22:13:03,225 - ldapbatch - INFO - Processing user: smanor, extension: 7844101417, external: None
2026-01-31 22:13:28,574 - ldapbatch - INFO - LDAP update for smanor: Success
2026-01-31 22:13:28,575 - ldapbatch - INFO - Processing user: gpliner, extension: 7844101418, external: None
2026-01-31 22:13:44,240 - ldapbatch - INFO - LDAP update for gpliner: Success
2026-01-31 22:13:44,241 - ldapbatch - INFO - Processing user: szommers, extension: 7844101419, external: None
2026-01-31 22:13:58,796 - ldapbatch - INFO - LDAP update for szommers: Success
2026-01-31 22:13:58,798 - ldapbatch - INFO - Processing user: erom, extension: 7844101421, external: None
2026-01-31 22:14:05,014 - ldapbatch - INFO - LDAP update for erom: Failed
2026-01-31 22:14:05,015 - ldapbatch - INFO - Processing user: tamiri, extension: 7844101422, external: None
2026-01-31 22:14:19,831 - ldapbatch - INFO - LDAP update for tamiri: Success
2026-01-31 22:14:19,832 - ldapbatch - INFO - Processing user: ymoshias, extension: 7844101423, external: None
2026-01-31 22:14:30,577 - ldapbatch - INFO - LDAP update for ymoshias: Success
2026-01-31 22:14:30,578 - ldapbatch - INFO - Processing user: aganorgr, extension: 7844101424, external: None
2026-01-31 22:14:44,757 - ldapbatch - INFO - LDAP update for aganorgr: Success
2026-01-31 22:14:44,758 - ldapbatch - INFO - Processing user: jloubato, extension: 7844101425, external: None
2026-01-31 22:14:59,336 - ldapbatch - INFO - LDAP update for jloubato: Success
2026-01-31 22:14:59,338 - ldapbatch - INFO - Processing user: salevi, extension: 7844101426, external: None
2026-01-31 22:15:56,684 - ldapbatch - INFO - LDAP update for salevi: Success
2026-01-31 22:15:56,687 - ldapbatch - INFO - Processing user: obracha, extension: 7844101427, external: None
2026-01-31 22:16:08,693 - ldapbatch - INFO - LDAP update for obracha: Success
2026-01-31 22:16:08,695 - ldapbatch - INFO - Processing user: adpopov, extension: 7844101428, external: None
2026-01-31 22:16:37,229 - ldapbatch - INFO - LDAP update for adpopov: Success
2026-01-31 22:16:37,232 - ldapbatch - INFO - Processing user: smoriyam, extension: 7844101429, external: None
2026-01-31 22:16:50,931 - ldapbatch - INFO - LDAP update for smoriyam: Success
2026-01-31 22:16:50,934 - ldapbatch - INFO - Processing user: adcohen, extension: 7844101430, external: None
2026-01-31 22:17:05,132 - ldapbatch - INFO - LDAP update for adcohen: Success
2026-01-31 22:17:05,133 - ldapbatch - INFO - Processing user: mkatz, extension: 7844101431, external: None
2026-01-31 22:17:17,000 - ldapbatch - INFO - LDAP update for mkatz: Success
2026-01-31 22:17:17,001 - ldapbatch - INFO - Processing user: ykenan, extension: 7844101432, external: None
2026-01-31 22:17:30,245 - ldapbatch - INFO - LDAP update for ykenan: Success
2026-01-31 22:17:30,247 - ldapbatch - INFO - Processing user: llykho, extension: 7844101433, external: None
2026-01-31 22:17:43,869 - ldapbatch - INFO - LDAP update for llykho: Success
2026-01-31 22:17:43,870 - ldapbatch - INFO - Processing user: sbenahar, extension: 7844101434, external: None
2026-01-31 22:18:00,063 - ldapbatch - INFO - LDAP update for sbenahar: Success
2026-01-31 22:18:00,068 - ldapbatch - INFO - Processing user: afrydman, extension: 7844101435, external: None
2026-01-31 22:18:16,894 - ldapbatch - INFO - LDAP update for afrydman: Success
2026-01-31 22:18:16,899 - ldapbatch - INFO - Processing user: mdahan, extension: 7844101436, external: None
2026-01-31 22:18:29,644 - ldapbatch - INFO - LDAP update for mdahan: Success
2026-01-31 22:18:29,645 - ldapbatch - INFO - Processing user: mbetekht, extension: 7844101437, external: None
2026-01-31 22:19:27,194 - ldapbatch - INFO - LDAP update for mbetekht: Success
2026-01-31 22:19:27,197 - ldapbatch - INFO - Processing user: yshtein, extension: 7844101438, external: None
2026-01-31 22:19:39,523 - ldapbatch - INFO - LDAP update for yshtein: Success
2026-01-31 22:19:39,524 - ldapbatch - INFO - Processing user: oshpigel, extension: 7844101439, external: None
2026-01-31 22:19:54,720 - ldapbatch - INFO - LDAP update for oshpigel: Success
2026-01-31 22:19:54,724 - ldapbatch - INFO - Processing user: ssalamy, extension: 7844101440, external: None
2026-01-31 22:20:18,786 - ldapbatch - INFO - LDAP update for ssalamy: Success
2026-01-31 22:20:18,787 - ldapbatch - INFO - Processing user: akarger, extension: 7844101441, external: None
2026-01-31 22:20:31,434 - ldapbatch - INFO - LDAP update for akarger: Success
2026-01-31 22:20:31,436 - ldapbatch - INFO - Processing user: nlevari, extension: 7844101442, external: None
2026-01-31 22:20:47,368 - ldapbatch - INFO - LDAP update for nlevari: Success
2026-01-31 22:20:47,369 - ldapbatch - INFO - Processing user: osolomon, extension: 7844101443, external: None
2026-01-31 22:21:04,408 - ldapbatch - INFO - LDAP update for osolomon: Success
2026-01-31 22:21:04,409 - ldapbatch - INFO - Processing user: yberling, extension: 7844101444, external: None
2026-01-31 22:21:18,857 - ldapbatch - INFO - LDAP update for yberling: Success
2026-01-31 22:21:18,859 - ldapbatch - INFO - Processing user: yshaul, extension: 7844101445, external: None
2026-01-31 22:21:34,293 - ldapbatch - INFO - LDAP update for yshaul: Success
2026-01-31 22:21:34,296 - ldapbatch - INFO - Processing user: gkaplan, extension: 7844101446, external: None
2026-01-31 22:21:50,161 - ldapbatch - INFO - LDAP update for gkaplan: Success
2026-01-31 22:21:50,162 - ldapbatch - INFO - Processing user: obensass, extension: 7844101447, external: None
2026-01-31 22:22:04,100 - ldapbatch - INFO - LDAP update for obensass: Success
2026-01-31 22:22:04,100 - ldapbatch - INFO - Processing user: lshabtai, extension: 7844101448, external: None
2026-01-31 22:22:16,902 - ldapbatch - INFO - LDAP update for lshabtai: Success
2026-01-31 22:22:16,906 - ldapbatch - INFO - Processing user: pkrumer, extension: 7844101449, external: None
2026-01-31 22:22:34,804 - ldapbatch - INFO - LDAP update for pkrumer: Success
2026-01-31 22:22:34,805 - ldapbatch - INFO - Processing user: celkanar, extension: 7844101451, external: None
2026-01-31 22:23:09,275 - ldapbatch - INFO - LDAP update for celkanar: Success
2026-01-31 22:23:09,277 - ldapbatch - INFO - Processing user: nbetzale, extension: 7844101452, external: None
2026-01-31 22:23:22,884 - ldapbatch - INFO - LDAP update for nbetzale: Success
2026-01-31 22:23:22,886 - ldapbatch - INFO - Processing user: osmadja, extension: 7844101453, external: None
2026-01-31 22:23:39,883 - ldapbatch - INFO - LDAP update for osmadja: Success
2026-01-31 22:23:39,884 - ldapbatch - INFO - Processing user: lepshtai, extension: 7844101454, external: None
2026-01-31 22:24:36,771 - ldapbatch - INFO - LDAP update for lepshtai: Success
2026-01-31 22:24:36,773 - ldapbatch - INFO - Processing user: kelhayak, extension: 7844101455, external: None
2026-01-31 22:24:52,405 - ldapbatch - INFO - LDAP update for kelhayak: Success
2026-01-31 22:24:52,406 - ldapbatch - INFO - Processing user: aneishto, extension: 7844101456, external: None
2026-01-31 22:25:04,009 - ldapbatch - INFO - LDAP update for aneishto: Success
2026-01-31 22:25:04,012 - ldapbatch - INFO - Processing user: vsopilid, extension: 7844101457, external: None
2026-01-31 22:25:15,160 - ldapbatch - INFO - LDAP update for vsopilid: Success
2026-01-31 22:25:15,163 - ldapbatch - INFO - Processing user: hbenbiny, extension: 7844101458, external: None
2026-01-31 22:25:25,989 - ldapbatch - INFO - LDAP update for hbenbiny: Success
2026-01-31 22:25:25,990 - ldapbatch - INFO - Processing user: rdavidov, extension: 7844101459, external: None
2026-01-31 22:25:38,013 - ldapbatch - INFO - LDAP update for rdavidov: Success
2026-01-31 22:25:38,014 - ldapbatch - INFO - Processing user: liluz, extension: 7844101460, external: None
2026-01-31 22:25:48,640 - ldapbatch - INFO - LDAP update for liluz: Success
2026-01-31 22:25:48,641 - ldapbatch - INFO - Processing user: aarbib, extension: 7844101461, external: None
2026-01-31 22:26:05,232 - ldapbatch - INFO - LDAP update for aarbib: Success
2026-01-31 22:26:05,236 - ldapbatch - INFO - Processing user: tshemesh, extension: 7844101462, external: None
2026-01-31 22:26:16,619 - ldapbatch - INFO - LDAP update for tshemesh: Success
2026-01-31 22:26:16,621 - ldapbatch - INFO - Processing user: arotem, extension: 7844101463, external: None
2026-01-31 22:26:30,877 - ldapbatch - INFO - LDAP update for arotem: Success
2026-01-31 22:26:30,879 - ldapbatch - INFO - Processing user: omiller, extension: 7844101464, external: None
2026-01-31 22:26:44,553 - ldapbatch - INFO - LDAP update for omiller: Success
2026-01-31 22:26:44,556 - ldapbatch - INFO - Processing user: gcohen, extension: 7844101465, external: None
2026-01-31 22:26:56,606 - ldapbatch - INFO - LDAP update for gcohen: Success
2026-01-31 22:26:56,607 - ldapbatch - INFO - Processing user: yulger, extension: 7844101466, external: None
2026-01-31 22:27:08,190 - ldapbatch - INFO - LDAP update for yulger: Success
2026-01-31 22:27:08,192 - ldapbatch - INFO - Processing user: ralevi, extension: 7844101467, external: None
2026-01-31 22:27:36,483 - ldapbatch - INFO - LDAP update for ralevi: Success
2026-01-31 22:27:36,485 - ldapbatch - INFO - Processing user: bboger, extension: 7844101468, external: None
2026-01-31 22:27:53,752 - ldapbatch - INFO - LDAP update for bboger: Success
2026-01-31 22:27:53,755 - ldapbatch - INFO - Processing user: asholomo, extension: 7844101469, external: None
2026-01-31 22:29:04,764 - ldapbatch - INFO - LDAP update for asholomo: Success
2026-01-31 22:29:04,766 - ldapbatch - INFO - Processing user: sbenfred, extension: 7841101075, external: None
2026-01-31 22:29:16,192 - ldapbatch - INFO - LDAP update for sbenfred: Success
2026-01-31 22:29:16,194 - ldapbatch - INFO - Processing user: tlevi, extension: 7844101470, external: None
2026-01-31 22:29:30,692 - ldapbatch - INFO - LDAP update for tlevi: Success
2026-01-31 22:29:30,695 - ldapbatch - INFO - Processing user: ialayev, extension: 7844101471, external: None
2026-01-31 22:30:10,517 - ldapbatch - INFO - LDAP update for ialayev: Success
2026-01-31 22:30:10,520 - ldapbatch - INFO - Processing user: obiezune, extension: 7844101472, external: None
2026-01-31 22:30:21,701 - ldapbatch - INFO - LDAP update for obiezune: Success
2026-01-31 22:30:21,703 - ldapbatch - INFO - Processing user: ksegre, extension: 7844101473, external: None
2026-01-31 22:30:36,586 - ldapbatch - INFO - LDAP update for ksegre: Success
2026-01-31 22:30:36,588 - ldapbatch - INFO - Processing user: ogolan, extension: 7844101474, external: None
2026-01-31 22:30:49,374 - ldapbatch - INFO - LDAP update for ogolan: Success
2026-01-31 22:30:49,375 - ldapbatch - INFO - Processing user: oarieli, extension: 7844101475, external: None
2026-01-31 22:31:04,326 - ldapbatch - INFO - LDAP update for oarieli: Success
2026-01-31 22:31:04,328 - ldapbatch - INFO - Processing user: yalkalai, extension: 7844101476, external: None
2026-01-31 22:31:18,516 - ldapbatch - INFO - LDAP update for yalkalai: Success
2026-01-31 22:31:18,519 - ldapbatch - INFO - Processing user: bheller, extension: 7844101477, external: None
2026-01-31 22:31:31,742 - ldapbatch - INFO - LDAP update for bheller: Success
2026-01-31 22:31:31,747 - ldapbatch - INFO - Processing user: minselbe, extension: 7844101478, external: None
2026-01-31 22:31:45,412 - ldapbatch - INFO - LDAP update for minselbe: Success
2026-01-31 22:31:45,416 - ldapbatch - INFO - Processing user: nzohar, extension: 7844101479, external: None
2026-01-31 22:31:55,942 - ldapbatch - INFO - LDAP update for nzohar: Success
2026-01-31 22:31:55,945 - ldapbatch - INFO - Processing user: spress, extension: 7844101480, external: None
2026-01-31 22:32:06,048 - ldapbatch - INFO - LDAP update for spress: Success
2026-01-31 22:32:06,049 - ldapbatch - INFO - Processing user: ntsin, extension: 7844101481, external: None
2026-01-31 22:32:18,093 - ldapbatch - INFO - LDAP update for ntsin: Success
2026-01-31 22:32:18,095 - ldapbatch - INFO - Processing user: gblechma, extension: 7844101482, external: None
2026-01-31 22:32:32,672 - ldapbatch - INFO - LDAP update for gblechma: Success
2026-01-31 22:32:32,675 - ldapbatch - INFO - Processing user: oaharoni, extension: 7844101483, external: None
2026-01-31 22:32:45,043 - ldapbatch - INFO - LDAP update for oaharoni: Success
2026-01-31 22:32:45,044 - ldapbatch - INFO - Processing user: oduani, extension: 7844101484, external: None
2026-01-31 22:33:15,157 - ldapbatch - INFO - LDAP update for oduani: Success
2026-01-31 22:33:15,161 - ldapbatch - INFO - Processing user: eperetz, extension: 7844101485, external: None
2026-01-31 22:33:45,804 - ldapbatch - INFO - LDAP update for eperetz: Success
2026-01-31 22:33:45,806 - ldapbatch - INFO - Processing user: thakak, extension: 7844101486, external: None
2026-01-31 22:33:59,172 - ldapbatch - INFO - LDAP update for thakak: Success
2026-01-31 22:33:59,173 - ldapbatch - INFO - Processing user: yagabay, extension: 7844101487, external: None
2026-01-31 22:34:12,370 - ldapbatch - INFO - LDAP update for yagabay: Success
2026-01-31 22:34:12,371 - ldapbatch - INFO - Processing user: razria, extension: 7844101488, external: None
2026-01-31 22:34:23,148 - ldapbatch - INFO - LDAP update for razria: Success
2026-01-31 22:34:23,153 - ldapbatch - INFO - Processing user: tendelma, extension: 7844101489, external: None
2026-01-31 22:34:38,940 - ldapbatch - INFO - LDAP update for tendelma: Success
2026-01-31 22:34:38,941 - ldapbatch - INFO - Processing user: tfrisz, extension: 7844101490, external: None
2026-01-31 22:34:51,704 - ldapbatch - INFO - LDAP update for tfrisz: Success
2026-01-31 22:34:51,706 - ldapbatch - INFO - Processing user: jkhell, extension: 7844101491, external: None
2026-01-31 22:35:02,250 - ldapbatch - INFO - LDAP update for jkhell: Success
2026-01-31 22:35:02,252 - ldapbatch - INFO - Processing user: orlevi, extension: 7844101492, external: None
2026-01-31 22:35:14,806 - ldapbatch - INFO - LDAP update for orlevi: Success
2026-01-31 22:35:14,807 - ldapbatch - INFO - Processing user: ysapir, extension: 7844101493, external: None
2026-01-31 22:35:27,389 - ldapbatch - INFO - LDAP update for ysapir: Success
2026-01-31 22:35:27,391 - ldapbatch - INFO - Processing user: neren, extension: 7844101494, external: None
2026-01-31 22:35:39,363 - ldapbatch - INFO - LDAP update for neren: Success
2026-01-31 22:35:39,364 - ldapbatch - INFO - Processing user: tdidi, extension: 7844101495, external: None
2026-01-31 22:35:51,446 - ldapbatch - INFO - LDAP update for tdidi: Success
2026-01-31 22:35:51,448 - ldapbatch - INFO - Processing user: aramon, extension: 7844101496, external: None
2026-01-31 22:36:06,767 - ldapbatch - INFO - LDAP update for aramon: Success
2026-01-31 22:36:06,768 - ldapbatch - INFO - Processing user: ashlomov, extension: 7844101497, external: None
2026-01-31 22:36:21,929 - ldapbatch - INFO - LDAP update for ashlomov: Success
2026-01-31 22:36:21,930 - ldapbatch - INFO - Processing user: iweiss, extension: 7844101498, external: None
2026-01-31 22:36:34,944 - ldapbatch - INFO - LDAP update for iweiss: Success
2026-01-31 22:36:34,945 - ldapbatch - INFO - Processing user: awerthei, extension: 7844101499, external: None
2026-01-31 22:36:48,722 - ldapbatch - INFO - LDAP update for awerthei: Success
2026-01-31 22:36:48,723 - ldapbatch - INFO - Processing user: rsahar, extension: 7844101500, external: None
2026-01-31 22:37:03,902 - ldapbatch - INFO - LDAP update for rsahar: Success
2026-01-31 22:37:03,903 - ldapbatch - INFO - Processing user: nkohan, extension: 7844101501, external: None
2026-01-31 22:37:16,033 - ldapbatch - INFO - LDAP update for nkohan: Success
2026-01-31 22:37:16,035 - ldapbatch - INFO - Processing user: dsela, extension: 7844101502, external: None
2026-01-31 22:37:30,886 - ldapbatch - INFO - LDAP update for dsela: Success
2026-01-31 22:37:30,889 - ldapbatch - INFO - Processing user: llasker, extension: 7844101503, external: None
2026-01-31 22:37:43,162 - ldapbatch - INFO - LDAP update for llasker: Success
2026-01-31 22:37:43,163 - ldapbatch - INFO - Processing user: ishechte, extension: 7844101504, external: None
2026-01-31 22:37:54,864 - ldapbatch - INFO - LDAP update for ishechte: Success
2026-01-31 22:37:54,865 - ldapbatch - INFO - Processing user: nkarni, extension: 7844101505, external: None
2026-01-31 22:38:29,259 - ldapbatch - INFO - LDAP update for nkarni: Success
2026-01-31 22:38:29,261 - ldapbatch - INFO - Processing user: gbonnet, extension: 7841101076, external: None
2026-01-31 22:38:39,402 - ldapbatch - INFO - LDAP update for gbonnet: Success
2026-01-31 22:38:39,402 - ldapbatch - INFO - Processing user: rwelber, extension: 7844101506, external: None
2026-01-31 22:38:50,102 - ldapbatch - INFO - LDAP update for rwelber: Success
2026-01-31 22:38:50,104 - ldapbatch - INFO - Processing user: ablecher, extension: 7844101507, external: None
2026-01-31 22:38:59,344 - ldapbatch - INFO - LDAP update for ablecher: Success
2026-01-31 22:38:59,345 - ldapbatch - INFO - Processing user: esimhon, extension: 7844101508, external: None
2026-01-31 22:39:12,438 - ldapbatch - INFO - LDAP update for esimhon: Success
2026-01-31 22:39:12,439 - ldapbatch - INFO - Processing user: nisovich, extension: 7844101509, external: None
2026-01-31 22:39:23,389 - ldapbatch - INFO - LDAP update for nisovich: Success
2026-01-31 22:39:23,391 - ldapbatch - INFO - Processing user: gasalomo, extension: 7844101510, external: None
2026-01-31 22:39:48,412 - ldapbatch - INFO - LDAP update for gasalomo: Success
2026-01-31 22:39:48,414 - ldapbatch - INFO - Processing user: giwolf, extension: 7844101511, external: None
2026-01-31 22:39:58,719 - ldapbatch - INFO - LDAP update for giwolf: Success
2026-01-31 22:39:58,721 - ldapbatch - INFO - Processing user: mgelband, extension: 7844101512, external: None
2026-01-31 22:40:12,337 - ldapbatch - INFO - LDAP update for mgelband: Success
2026-01-31 22:40:12,338 - ldapbatch - INFO - Processing user: oatia, extension: 7844101513, external: None
2026-01-31 22:40:25,857 - ldapbatch - INFO - LDAP update for oatia: Success
2026-01-31 22:40:25,859 - ldapbatch - INFO - Processing user: shadar, extension: 7844101514, external: None
2026-01-31 22:40:36,862 - ldapbatch - INFO - LDAP update for shadar: Success
2026-01-31 22:40:36,863 - ldapbatch - INFO - Processing user: dnissan, extension: 7844101515, external: None
2026-01-31 22:40:50,879 - ldapbatch - INFO - LDAP update for dnissan: Success
2026-01-31 22:40:50,882 - ldapbatch - INFO - Processing user: ipick, extension: 7844101516, external: None
2026-01-31 22:42:02,359 - ldapbatch - INFO - LDAP update for ipick: Success
2026-01-31 22:42:02,361 - ldapbatch - INFO - Processing user: glettron, extension: 7841101077, external: None
2026-01-31 22:42:13,222 - ldapbatch - INFO - LDAP update for glettron: Success
2026-01-31 22:42:13,224 - ldapbatch - INFO - Processing user: efriedma, extension: 7844101517, external: None
2026-01-31 22:42:25,273 - ldapbatch - INFO - LDAP update for efriedma: Success
2026-01-31 22:42:25,275 - ldapbatch - INFO - Processing user: sgrunzwe, extension: 7844101518, external: None
2026-01-31 22:42:37,006 - ldapbatch - INFO - LDAP update for sgrunzwe: Success
2026-01-31 22:42:37,010 - ldapbatch - INFO - Processing user: lcahani, extension: 7844101519, external: None
2026-01-31 22:42:47,022 - ldapbatch - INFO - LDAP update for lcahani: Success
2026-01-31 22:42:47,024 - ldapbatch - INFO - Processing user: sbenami, extension: 7844101520, external: None
2026-01-31 22:42:59,726 - ldapbatch - INFO - LDAP update for sbenami: Success
2026-01-31 22:42:59,727 - ldapbatch - INFO - Processing user: traviv, extension: 7844101521, external: None
2026-01-31 22:43:11,529 - ldapbatch - INFO - LDAP update for traviv: Success
2026-01-31 22:43:11,530 - ldapbatch - INFO - Processing user: rvoloshi, extension: 7844101522, external: None
2026-01-31 22:43:22,966 - ldapbatch - INFO - LDAP update for rvoloshi: Success
2026-01-31 22:43:22,968 - ldapbatch - INFO - Processing user: ihornic, extension: 7844101523, external: None
2026-01-31 22:43:33,046 - ldapbatch - INFO - LDAP update for ihornic: Success
2026-01-31 22:43:33,048 - ldapbatch - INFO - Processing user: dfleishm, extension: 7844101524, external: None
2026-01-31 22:43:45,820 - ldapbatch - INFO - LDAP update for dfleishm: Success
2026-01-31 22:43:45,821 - ldapbatch - INFO - Processing user: psuchman, extension: 7844101525, external: None
2026-01-31 22:43:59,250 - ldapbatch - INFO - LDAP update for psuchman: Success
2026-01-31 22:43:59,251 - ldapbatch - INFO - Processing user: oashkena, extension: 7844101526, external: None
2026-01-31 22:44:11,001 - ldapbatch - INFO - LDAP update for oashkena: Success
2026-01-31 22:44:11,003 - ldapbatch - INFO - Processing user: skalev, extension: 7844101527, external: None
2026-01-31 22:44:22,379 - ldapbatch - INFO - LDAP update for skalev: Success
2026-01-31 22:44:22,383 - ldapbatch - INFO - Processing user: lmaimon, extension: 7844101528, external: None
2026-01-31 22:44:33,789 - ldapbatch - INFO - LDAP update for lmaimon: Success
2026-01-31 22:44:33,790 - ldapbatch - INFO - Processing user: gtager, extension: 7844101529, external: None
2026-01-31 22:44:45,448 - ldapbatch - INFO - LDAP update for gtager: Success
2026-01-31 22:44:45,450 - ldapbatch - INFO - Processing user: esluzki, extension: 7844101530, external: None
2026-01-31 22:44:57,976 - ldapbatch - INFO - LDAP update for esluzki: Success
2026-01-31 22:44:57,978 - ldapbatch - INFO - Processing user: nrubinst, extension: 7844101531, external: None
2026-01-31 22:45:10,771 - ldapbatch - INFO - LDAP update for nrubinst: Success
2026-01-31 22:45:10,773 - ldapbatch - INFO - Processing user: yioukhto, extension: 7844101532, external: None
2026-01-31 22:45:22,450 - ldapbatch - INFO - LDAP update for yioukhto: Success
2026-01-31 22:45:22,451 - ldapbatch - INFO - Processing user: orkatz, extension: 7844101533, external: None
2026-01-31 22:45:35,402 - ldapbatch - INFO - LDAP update for orkatz: Success
2026-01-31 22:45:35,403 - ldapbatch - INFO - Processing user: dkarasik, extension: 7844101534, external: None
2026-01-31 22:45:49,623 - ldapbatch - INFO - LDAP update for dkarasik: Success
2026-01-31 22:45:49,627 - ldapbatch - INFO - Processing user: rfeldhei, extension: 7844101535, external: None
2026-01-31 22:46:03,829 - ldapbatch - INFO - LDAP update for rfeldhei: Success
2026-01-31 22:46:03,832 - ldapbatch - INFO - Processing user: ynoy, extension: 7844101536, external: None
2026-01-31 22:46:14,272 - ldapbatch - INFO - LDAP update for ynoy: Success
2026-01-31 22:46:14,273 - ldapbatch - INFO - Processing user: speretz, extension: 7844101537, external: None
2026-01-31 22:46:24,893 - ldapbatch - INFO - LDAP update for speretz: Success
2026-01-31 22:46:24,895 - ldapbatch - INFO - Processing user: sfogel, extension: 7844101538, external: None
2026-01-31 22:46:36,746 - ldapbatch - INFO - LDAP update for sfogel: Success
2026-01-31 22:46:36,747 - ldapbatch - INFO - Processing user: shaccohe, extension: 7844101539, external: None
2026-01-31 22:46:48,345 - ldapbatch - INFO - LDAP update for shaccohe: Success
2026-01-31 22:46:48,359 - ldapbatch - INFO - Processing user: ahalawi, extension: 7844101540, external: None
2026-01-31 22:46:58,624 - ldapbatch - INFO - LDAP update for ahalawi: Success
2026-01-31 22:46:58,625 - ldapbatch - INFO - Processing user: hberkovi, extension: 7844101541, external: None
2026-01-31 22:47:11,093 - ldapbatch - INFO - LDAP update for hberkovi: Success
2026-01-31 22:47:11,094 - ldapbatch - INFO - Processing user: nzer, extension: 7844101542, external: None
2026-01-31 22:47:46,554 - ldapbatch - INFO - LDAP update for nzer: Success
2026-01-31 22:47:46,556 - ldapbatch - INFO - Processing user: nfleisch, extension: 7844101543, external: None
2026-01-31 22:47:58,329 - ldapbatch - INFO - LDAP update for nfleisch: Success
2026-01-31 22:47:58,330 - ldapbatch - INFO - Processing user: dgor, extension: 7844101544, external: None
2026-01-31 22:48:12,300 - ldapbatch - INFO - LDAP update for dgor: Success
2026-01-31 22:48:12,304 - ldapbatch - INFO - Processing user: micohen, extension: 7844101545, external: None
2026-01-31 22:48:25,605 - ldapbatch - INFO - LDAP update for micohen: Success
2026-01-31 22:48:25,607 - ldapbatch - INFO - Processing user: aduek, extension: 7844101546, external: None
2026-01-31 22:48:37,688 - ldapbatch - INFO - LDAP update for aduek: Success
2026-01-31 22:48:37,689 - ldapbatch - INFO - Processing user: gfogel, extension: 7844101547, external: None
2026-01-31 22:48:48,184 - ldapbatch - INFO - LDAP update for gfogel: Success
2026-01-31 22:48:48,187 - ldapbatch - INFO - Processing user: kuriah, extension: 7844101548, external: None
2026-01-31 22:49:00,526 - ldapbatch - INFO - LDAP update for kuriah: Success
2026-01-31 22:49:00,528 - ldapbatch - INFO - Processing user: yabraham, extension: 7844101549, external: None
2026-01-31 22:49:10,706 - ldapbatch - INFO - LDAP update for yabraham: Success
2026-01-31 22:49:10,708 - ldapbatch - INFO - Processing user: ratias, extension: 7844101550, external: None
2026-01-31 22:49:27,774 - ldapbatch - INFO - LDAP update for ratias: Success
2026-01-31 22:49:27,776 - ldapbatch - INFO - Processing user: mvilla, extension: 7841101078, external: None
2026-01-31 22:50:06,561 - ldapbatch - INFO - LDAP update for mvilla: Success
2026-01-31 22:50:06,563 - ldapbatch - INFO - Processing user: thekmati, extension: 7844101551, external: None
2026-01-31 22:50:17,836 - ldapbatch - INFO - LDAP update for thekmati: Success
2026-01-31 22:50:17,837 - ldapbatch - INFO - Processing user: ykhalifa, extension: 7844101552, external: None
2026-01-31 22:50:28,491 - ldapbatch - INFO - LDAP update for ykhalifa: Success
2026-01-31 22:50:28,492 - ldapbatch - INFO - Processing user: yfogeldr, extension: 7844101553, external: None
2026-01-31 22:50:40,938 - ldapbatch - INFO - LDAP update for yfogeldr: Success
2026-01-31 22:50:40,941 - ldapbatch - INFO - Processing user: tkornis, extension: 7844101554, external: None
2026-01-31 22:50:54,636 - ldapbatch - INFO - LDAP update for tkornis: Success
2026-01-31 22:50:54,637 - ldapbatch - INFO - Processing user: ialkalai, extension: 7844101555, external: None
2026-01-31 22:51:09,799 - ldapbatch - INFO - LDAP update for ialkalai: Success
2026-01-31 22:51:09,803 - ldapbatch - INFO - Processing user: amushins, extension: 7844101556, external: None
2026-01-31 22:51:22,205 - ldapbatch - INFO - LDAP update for amushins: Success
2026-01-31 22:51:22,206 - ldapbatch - INFO - Processing user: ygordon, extension: 7844101557, external: None
2026-01-31 22:51:33,634 - ldapbatch - INFO - LDAP update for ygordon: Success
2026-01-31 22:51:33,636 - ldapbatch - INFO - Processing user: eedery, extension: 7844101558, external: None
2026-01-31 22:51:43,882 - ldapbatch - INFO - LDAP update for eedery: Success
2026-01-31 22:51:43,884 - ldapbatch - INFO - Processing user: rfuchs, extension: 7844101559, external: None
2026-01-31 22:51:53,641 - ldapbatch - INFO - LDAP update for rfuchs: Success
2026-01-31 22:51:53,642 - ldapbatch - INFO - Processing user: ebronsht, extension: 7844101560, external: None
2026-01-31 22:52:03,309 - ldapbatch - INFO - LDAP update for ebronsht: Success
2026-01-31 22:52:03,311 - ldapbatch - INFO - Processing user: smarzok, extension: 7844101561, external: None
2026-01-31 22:52:13,240 - ldapbatch - INFO - LDAP update for smarzok: Success
2026-01-31 22:52:13,241 - ldapbatch - INFO - Processing user: tshapira, extension: 7844101562, external: None
2026-01-31 22:52:23,584 - ldapbatch - INFO - LDAP update for tshapira: Success
2026-01-31 22:52:23,585 - ldapbatch - INFO - Processing user: mwilfble, extension: 7844101563, external: None
2026-01-31 22:52:33,006 - ldapbatch - INFO - LDAP update for mwilfble: Success
2026-01-31 22:52:33,007 - ldapbatch - INFO - Processing user: martarya, extension: 7844101564, external: None
2026-01-31 22:52:43,721 - ldapbatch - INFO - LDAP update for martarya: Success
2026-01-31 22:52:43,722 - ldapbatch - INFO - Processing user: islutzki, extension: 7844101565, external: None
2026-01-31 22:52:55,096 - ldapbatch - INFO - LDAP update for islutzki: Success
2026-01-31 22:52:55,097 - ldapbatch - INFO - Processing user: lesabag, extension: 7844101566, external: None
2026-01-31 22:53:05,632 - ldapbatch - INFO - LDAP update for lesabag: Success
2026-01-31 22:53:05,633 - ldapbatch - INFO - Processing user: ashaul, extension: 7844101567, external: None
2026-01-31 22:53:15,747 - ldapbatch - INFO - LDAP update for ashaul: Success
2026-01-31 22:53:15,748 - ldapbatch - INFO - Processing user: rzonensh, extension: 7844101568, external: None
2026-01-31 22:53:27,748 - ldapbatch - INFO - LDAP update for rzonensh: Success
2026-01-31 22:53:27,750 - ldapbatch - INFO - Processing user: tmor, extension: 7844101569, external: None
2026-01-31 22:53:38,131 - ldapbatch - INFO - LDAP update for tmor: Success
2026-01-31 22:53:38,132 - ldapbatch - INFO - Processing user: mdanino, extension: 7844101570, external: None
2026-01-31 22:53:48,148 - ldapbatch - INFO - LDAP update for mdanino: Success
2026-01-31 22:53:48,149 - ldapbatch - INFO - Processing user: sibaron, extension: 7844101571, external: None
2026-01-31 22:53:58,503 - ldapbatch - INFO - LDAP update for sibaron: Success
2026-01-31 22:53:58,503 - ldapbatch - INFO - Processing user: yhamo, extension: 7844101572, external: None
2026-01-31 22:54:08,853 - ldapbatch - INFO - LDAP update for yhamo: Success
2026-01-31 22:54:08,854 - ldapbatch - INFO - Processing user: tcohen, extension: 7844101573, external: None
2026-01-31 22:54:19,888 - ldapbatch - INFO - LDAP update for tcohen: Success
2026-01-31 22:54:19,890 - ldapbatch - INFO - Processing user: gbelkov, extension: 7844101574, external: None
2026-01-31 22:54:31,261 - ldapbatch - INFO - LDAP update for gbelkov: Success
2026-01-31 22:54:31,262 - ldapbatch - INFO - Processing user: asimchi, extension: 7844101575, external: None
2026-01-31 22:54:42,278 - ldapbatch - INFO - LDAP update for asimchi: Success
2026-01-31 22:54:42,280 - ldapbatch - INFO - Processing user: ymarom, extension: 7844101576, external: None
2026-01-31 22:54:52,743 - ldapbatch - INFO - LDAP update for ymarom: Success
2026-01-31 22:54:52,744 - ldapbatch - INFO - Processing user: glefteri, extension: 7841101080, external: None
2026-01-31 22:55:02,298 - ldapbatch - INFO - LDAP update for glefteri: Success
2026-01-31 22:55:02,299 - ldapbatch - INFO - Processing user: syogevro, extension: 7844101577, external: None
2026-01-31 22:55:14,245 - ldapbatch - INFO - LDAP update for syogevro: Success
2026-01-31 22:55:14,247 - ldapbatch - INFO - Processing user: okuperiu, extension: 7844101578, external: None
2026-01-31 22:55:25,810 - ldapbatch - INFO - LDAP update for okuperiu: Success
2026-01-31 22:55:25,811 - ldapbatch - INFO - Processing user: efurman, extension: 7844101579, external: None
2026-01-31 22:55:37,497 - ldapbatch - INFO - LDAP update for efurman: Success
2026-01-31 22:55:37,499 - ldapbatch - INFO - Processing user: metingen, extension: 7844101580, external: None
2026-01-31 22:55:49,511 - ldapbatch - INFO - LDAP update for metingen: Success
2026-01-31 22:55:49,512 - ldapbatch - INFO - Processing user: oorzitze, extension: 7844101581, external: None
2026-01-31 22:55:59,527 - ldapbatch - INFO - LDAP update for oorzitze: Success
2026-01-31 22:55:59,528 - ldapbatch - INFO - Processing user: smarom, extension: 7844101582, external: None
2026-01-31 22:56:09,989 - ldapbatch - INFO - LDAP update for smarom: Success
2026-01-31 22:56:09,991 - ldapbatch - INFO - Processing user: ddavydov, extension: 7844101583, external: None
2026-01-31 22:56:22,094 - ldapbatch - INFO - LDAP update for ddavydov: Success
2026-01-31 22:56:22,096 - ldapbatch - INFO - Processing user: yabramow, extension: 7844101584, external: None
2026-01-31 22:56:32,361 - ldapbatch - INFO - LDAP update for yabramow: Success
2026-01-31 22:56:32,362 - ldapbatch - INFO - Processing user: ymatalon, extension: 7844101585, external: None
2026-01-31 22:56:42,405 - ldapbatch - INFO - LDAP update for ymatalon: Success
2026-01-31 22:56:42,406 - ldapbatch - INFO - Processing user: mkaro, extension: 7844101586, external: None
2026-01-31 22:56:52,763 - ldapbatch - INFO - LDAP update for mkaro: Success
2026-01-31 22:56:52,764 - ldapbatch - INFO - Processing user: itune, extension: 7844101587, external: None
2026-01-31 22:57:03,822 - ldapbatch - INFO - LDAP update for itune: Success
2026-01-31 22:57:03,823 - ldapbatch - INFO - Processing user: orecohen, extension: 7844101588, external: None
2026-01-31 22:57:13,228 - ldapbatch - INFO - LDAP update for orecohen: Success
2026-01-31 22:57:13,229 - ldapbatch - INFO - Processing user: gzabib, extension: 7844101589, external: None
2026-01-31 22:57:23,447 - ldapbatch - INFO - LDAP update for gzabib: Success
2026-01-31 22:57:23,450 - ldapbatch - INFO - Processing user: yhayun, extension: 7844101590, external: None
2026-01-31 22:57:33,543 - ldapbatch - INFO - LDAP update for yhayun: Success
2026-01-31 22:57:33,543 - ldapbatch - INFO - Processing user: sushavit, extension: 7844101591, external: None
2026-01-31 22:57:45,155 - ldapbatch - INFO - LDAP update for sushavit: Success
2026-01-31 22:57:45,158 - ldapbatch - INFO - Processing user: ikrayten, extension: 7844101592, external: None
2026-01-31 22:57:54,668 - ldapbatch - INFO - LDAP update for ikrayten: Success
2026-01-31 22:57:54,670 - ldapbatch - INFO - Processing user: btoledan, extension: 7844101593, external: None
2026-01-31 22:58:05,290 - ldapbatch - INFO - LDAP update for btoledan: Success
2026-01-31 22:58:05,291 - ldapbatch - INFO - Processing user: sargov, extension: 7844101594, external: None
2026-01-31 22:58:15,261 - ldapbatch - INFO - LDAP update for sargov: Success
2026-01-31 22:58:15,263 - ldapbatch - INFO - Processing user: ayagelya, extension: 7844101595, external: None
2026-01-31 22:58:29,104 - ldapbatch - INFO - LDAP update for ayagelya: Success
2026-01-31 22:58:29,105 - ldapbatch - INFO - Processing user: sustinov, extension: 7844101596, external: None
2026-01-31 22:58:40,513 - ldapbatch - INFO - LDAP update for sustinov: Success
2026-01-31 22:58:40,515 - ldapbatch - INFO - Processing user: ysasson, extension: 7844101597, external: None
2026-01-31 22:58:50,570 - ldapbatch - INFO - LDAP update for ysasson: Success
2026-01-31 22:58:50,571 - ldapbatch - INFO - Processing user: aaviad, extension: 7844101598, external: None
2026-01-31 22:59:00,541 - ldapbatch - INFO - LDAP update for aaviad: Success
2026-01-31 22:59:00,542 - ldapbatch - INFO - Processing user: neini, extension: 7844101599, external: None
2026-01-31 22:59:10,393 - ldapbatch - INFO - LDAP update for neini: Success
2026-01-31 22:59:10,395 - ldapbatch - INFO - Processing user: ylemkovi, extension: 7844101600, external: None
2026-01-31 22:59:39,188 - ldapbatch - INFO - LDAP update for ylemkovi: Success
2026-01-31 22:59:39,189 - ldapbatch - INFO - Processing user: asafar, extension: 7844101601, external: None
2026-01-31 22:59:50,353 - ldapbatch - INFO - LDAP update for asafar: Success
2026-01-31 22:59:50,354 - ldapbatch - INFO - Processing user: izvik, extension: 7844101602, external: None
2026-01-31 23:00:15,577 - ldapbatch - INFO - LDAP update for izvik: Success
2026-01-31 23:00:15,577 - ldapbatch - INFO - Processing user: mdelalan, extension: 7841101081, external: None
2026-01-31 23:00:25,733 - ldapbatch - INFO - LDAP update for mdelalan: Success
2026-01-31 23:00:25,735 - ldapbatch - INFO - Processing user: igenkin, extension: 7844101603, external: None
2026-01-31 23:00:36,524 - ldapbatch - INFO - LDAP update for igenkin: Success
2026-01-31 23:00:36,526 - ldapbatch - INFO - Processing user: babuhato, extension: 7844101604, external: None
2026-01-31 23:00:47,192 - ldapbatch - INFO - LDAP update for babuhato: Success
2026-01-31 23:00:47,193 - ldapbatch - INFO - Processing user: azamir, extension: 7844101605, external: None
2026-01-31 23:00:57,208 - ldapbatch - INFO - LDAP update for azamir: Success
2026-01-31 23:00:57,209 - ldapbatch - INFO - Processing user: nlengel, extension: 7844101606, external: None
2026-01-31 23:01:07,571 - ldapbatch - INFO - LDAP update for nlengel: Success
2026-01-31 23:01:07,572 - ldapbatch - INFO - Processing user: ykahana, extension: 7844101607, external: None
2026-01-31 23:01:17,465 - ldapbatch - INFO - LDAP update for ykahana: Success
2026-01-31 23:01:17,466 - ldapbatch - INFO - Processing user: gzandber, extension: 7844101608, external: None
2026-01-31 23:01:51,779 - ldapbatch - INFO - LDAP update for gzandber: Success
2026-01-31 23:01:51,781 - ldapbatch - INFO - Processing user: nbarkay, extension: 7844101609, external: None
2026-01-31 23:02:01,524 - ldapbatch - INFO - LDAP update for nbarkay: Success
2026-01-31 23:02:01,526 - ldapbatch - INFO - Processing user: yegoldbe, extension: 7844101610, external: None
2026-01-31 23:02:12,565 - ldapbatch - INFO - LDAP update for yegoldbe: Success
2026-01-31 23:02:12,566 - ldapbatch - INFO - Processing user: taschwar, extension: 7844101611, external: None
2026-01-31 23:02:30,928 - ldapbatch - INFO - LDAP update for taschwar: Success
2026-01-31 23:02:30,930 - ldapbatch - INFO - Processing user: llevy, extension: 7844101612, external: None
2026-01-31 23:02:42,343 - ldapbatch - INFO - LDAP update for llevy: Success
2026-01-31 23:02:42,344 - ldapbatch - INFO - Processing user: yregev, extension: 7844101613, external: None
2026-01-31 23:02:52,175 - ldapbatch - INFO - LDAP update for yregev: Success
2026-01-31 23:02:52,176 - ldapbatch - INFO - Processing user: nattia, extension: 7844101614, external: None
2026-01-31 23:03:10,752 - ldapbatch - INFO - LDAP update for nattia: Success
2026-01-31 23:03:10,752 - ldapbatch - INFO - Processing user: sglass, extension: 7844101615, external: None
2026-01-31 23:03:25,173 - ldapbatch - INFO - LDAP update for sglass: Success
2026-01-31 23:03:25,174 - ldapbatch - INFO - Processing user: ofashken, extension: 7844101616, external: None
2026-01-31 23:03:34,912 - ldapbatch - INFO - LDAP update for ofashken: Success
2026-01-31 23:03:34,913 - ldapbatch - INFO - Processing user: oaziz, extension: 7844101617, external: None
2026-01-31 23:03:45,252 - ldapbatch - INFO - LDAP update for oaziz: Success
2026-01-31 23:03:45,253 - ldapbatch - INFO - Processing user: hgross, extension: 7844101618, external: None
2026-01-31 23:03:56,546 - ldapbatch - INFO - LDAP update for hgross: Success
2026-01-31 23:03:56,548 - ldapbatch - INFO - Processing user: aguttman, extension: 7844101619, external: None
2026-01-31 23:04:06,339 - ldapbatch - INFO - LDAP update for aguttman: Success
2026-01-31 23:04:06,341 - ldapbatch - INFO - Processing user: oshecter, extension: 7844101620, external: None
2026-01-31 23:04:17,811 - ldapbatch - INFO - LDAP update for oshecter: Success
2026-01-31 23:04:17,812 - ldapbatch - INFO - Processing user: btaub, extension: 7844101621, external: None
2026-01-31 23:04:29,519 - ldapbatch - INFO - LDAP update for btaub: Success
2026-01-31 23:04:29,521 - ldapbatch - INFO - Processing user: ylevi, extension: 7844101623, external: None
2026-01-31 23:04:38,983 - ldapbatch - INFO - LDAP update for ylevi: Success
2026-01-31 23:04:38,985 - ldapbatch - INFO - Processing user: ohadar, extension: 7844101624, external: None
2026-01-31 23:04:50,119 - ldapbatch - INFO - LDAP update for ohadar: Success
2026-01-31 23:04:50,120 - ldapbatch - INFO - Processing user: ilevi, extension: 7844101625, external: None
2026-01-31 23:05:00,217 - ldapbatch - INFO - LDAP update for ilevi: Success
2026-01-31 23:05:00,218 - ldapbatch - INFO - Processing user: ysegev, extension: 7844101626, external: None
2026-01-31 23:05:09,417 - ldapbatch - INFO - LDAP update for ysegev: Success
2026-01-31 23:05:09,419 - ldapbatch - INFO - Processing user: etzuberi, extension: 7844101627, external: None
2026-01-31 23:05:18,803 - ldapbatch - INFO - LDAP update for etzuberi: Success
2026-01-31 23:05:18,804 - ldapbatch - INFO - Processing user: ssurdu, extension: 7844101628, external: None
2026-01-31 23:05:29,362 - ldapbatch - INFO - LDAP update for ssurdu: Success
2026-01-31 23:05:29,362 - ldapbatch - INFO - Processing user: vkuzents, extension: 7844101629, external: None
2026-01-31 23:05:39,490 - ldapbatch - INFO - LDAP update for vkuzents: Success
2026-01-31 23:05:39,491 - ldapbatch - INFO - Processing user: efine, extension: 7844101630, external: None
2026-01-31 23:05:48,683 - ldapbatch - INFO - LDAP update for efine: Success
2026-01-31 23:05:48,684 - ldapbatch - INFO - Processing user: ameshula, extension: 7844101631, external: None
2026-01-31 23:05:59,208 - ldapbatch - INFO - LDAP update for ameshula: Success
2026-01-31 23:05:59,209 - ldapbatch - INFO - Processing user: rsasson, extension: 7844101632, external: None
2026-01-31 23:06:09,325 - ldapbatch - INFO - LDAP update for rsasson: Success
2026-01-31 23:06:09,327 - ldapbatch - INFO - Processing user: srozenma, extension: 7844101633, external: None
2026-01-31 23:06:19,527 - ldapbatch - INFO - LDAP update for srozenma: Success
2026-01-31 23:06:19,528 - ldapbatch - INFO - Processing user: gavni, extension: 7844101634, external: None
2026-01-31 23:06:36,415 - ldapbatch - INFO - LDAP update for gavni: Success
2026-01-31 23:06:36,418 - ldapbatch - INFO - Processing user: amperez, extension: 7844101635, external: None
2026-01-31 23:06:50,350 - ldapbatch - INFO - LDAP update for amperez: Success
2026-01-31 23:06:50,351 - ldapbatch - INFO - Processing user: sbrovend, extension: 7844101636, external: None
2026-01-31 23:07:02,111 - ldapbatch - INFO - LDAP update for sbrovend: Success
2026-01-31 23:07:02,112 - ldapbatch - INFO - Processing user: tnygate, extension: 7844101637, external: None
2026-01-31 23:07:14,856 - ldapbatch - INFO - LDAP update for tnygate: Success
2026-01-31 23:07:14,857 - ldapbatch - INFO - Processing user: smorag, extension: 7844101638, external: None
2026-01-31 23:07:26,977 - ldapbatch - INFO - LDAP update for smorag: Success
2026-01-31 23:07:26,978 - ldapbatch - INFO - Processing user: amtal, extension: 7844101639, external: None
2026-01-31 23:07:38,227 - ldapbatch - INFO - LDAP update for amtal: Success
2026-01-31 23:07:38,228 - ldapbatch - INFO - Processing user: strabels, extension: 7844101640, external: None
2026-01-31 23:07:53,826 - ldapbatch - INFO - LDAP update for strabels: Success
2026-01-31 23:07:53,829 - ldapbatch - INFO - Processing user: msharf, extension: 7844101641, external: None
2026-01-31 23:08:09,818 - ldapbatch - INFO - LDAP update for msharf: Success
2026-01-31 23:08:09,820 - ldapbatch - INFO - Processing user: osoffer, extension: 7844101642, external: None
2026-01-31 23:08:19,972 - ldapbatch - INFO - LDAP update for osoffer: Success
2026-01-31 23:08:19,973 - ldapbatch - INFO - Processing user: tdimarco, extension: 7841101082, external: None
2026-01-31 23:08:34,890 - ldapbatch - INFO - LDAP update for tdimarco: Success
2026-01-31 23:08:34,891 - ldapbatch - INFO - Processing user: efishman, extension: 7844101643, external: None
2026-01-31 23:08:49,219 - ldapbatch - INFO - LDAP update for efishman: Success
2026-01-31 23:08:49,222 - ldapbatch - INFO - Processing user: ibuleh, extension: 7844101644, external: None
2026-01-31 23:09:02,019 - ldapbatch - INFO - LDAP update for ibuleh: Success
2026-01-31 23:09:02,020 - ldapbatch - INFO - Processing user: mepshtei, extension: 7844101645, external: None
2026-01-31 23:09:16,012 - ldapbatch - INFO - LDAP update for mepshtei: Success
2026-01-31 23:09:16,013 - ldapbatch - INFO - Processing user: gmoshkov, extension: 7844101646, external: None
2026-01-31 23:09:28,099 - ldapbatch - INFO - LDAP update for gmoshkov: Success
2026-01-31 23:09:28,100 - ldapbatch - INFO - Processing user: mpalatni, extension: 7844101647, external: None
2026-01-31 23:09:38,442 - ldapbatch - INFO - LDAP update for mpalatni: Success
2026-01-31 23:09:38,443 - ldapbatch - INFO - Processing user: hlevi, extension: 7844101648, external: None
2026-01-31 23:09:49,068 - ldapbatch - INFO - LDAP update for hlevi: Success
2026-01-31 23:09:49,069 - ldapbatch - INFO - Processing user: rtzur, extension: 7844101649, external: None
2026-01-31 23:10:04,520 - ldapbatch - INFO - LDAP update for rtzur: Success
2026-01-31 23:10:04,521 - ldapbatch - INFO - Processing user: ogez, extension: 7844101650, external: None
2026-01-31 23:10:19,107 - ldapbatch - INFO - LDAP update for ogez: Success
2026-01-31 23:10:19,111 - ldapbatch - INFO - Processing user: sfridman, extension: 7844101651, external: None
2026-01-31 23:10:32,926 - ldapbatch - INFO - LDAP update for sfridman: Success
2026-01-31 23:10:32,927 - ldapbatch - INFO - Processing user: oalpert, extension: 7844101652, external: None
2026-01-31 23:10:50,383 - ldapbatch - INFO - LDAP update for oalpert: Success
2026-01-31 23:10:50,387 - ldapbatch - INFO - Processing user: dtzur, extension: 7844101653, external: None
2026-01-31 23:11:04,232 - ldapbatch - INFO - LDAP update for dtzur: Success
2026-01-31 23:11:04,233 - ldapbatch - INFO - Processing user: yacohen, extension: 7844101654, external: None
2026-01-31 23:11:17,275 - ldapbatch - INFO - LDAP update for yacohen: Success
2026-01-31 23:11:17,278 - ldapbatch - INFO - Processing user: leyal, extension: 7844101655, external: None
2026-01-31 23:11:31,081 - ldapbatch - INFO - LDAP update for leyal: Success
2026-01-31 23:11:31,082 - ldapbatch - INFO - Processing user: mlyan, extension: 7844101656, external: None
2026-01-31 23:11:43,911 - ldapbatch - INFO - LDAP update for mlyan: Success
2026-01-31 23:11:43,913 - ldapbatch - INFO - Processing user: usalony, extension: 7844101657, external: None
2026-01-31 23:11:59,379 - ldapbatch - INFO - LDAP update for usalony: Success
2026-01-31 23:11:59,380 - ldapbatch - INFO - Processing user: guamit, extension: 7844101658, external: None
2026-01-31 23:12:13,622 - ldapbatch - INFO - LDAP update for guamit: Success
2026-01-31 23:12:13,623 - ldapbatch - INFO - Processing user: jkogan, extension: 7844101659, external: None
2026-01-31 23:12:40,023 - ldapbatch - INFO - LDAP update for jkogan: Success
2026-01-31 23:12:40,023 - ldapbatch - INFO - Processing user: rburdo, extension: 7844101660, external: None
2026-01-31 23:12:56,468 - ldapbatch - INFO - LDAP update for rburdo: Success
2026-01-31 23:12:56,472 - ldapbatch - INFO - Processing user: davnerso, extension: 7844101661, external: None
2026-01-31 23:13:06,686 - ldapbatch - INFO - LDAP update for davnerso: Success
2026-01-31 23:13:06,689 - ldapbatch - INFO - Processing user: mbrownne, extension: 7844101662, external: None
2026-01-31 23:13:28,101 - ldapbatch - INFO - LDAP update for mbrownne: Success
2026-01-31 23:13:28,103 - ldapbatch - INFO - Processing user: imanelis, extension: 7844101663, external: None
2026-01-31 23:13:40,192 - ldapbatch - INFO - LDAP update for imanelis: Success
2026-01-31 23:13:40,193 - ldapbatch - INFO - Processing user: gshalom, extension: 7844101664, external: None
2026-01-31 23:13:57,781 - ldapbatch - INFO - LDAP update for gshalom: Success
2026-01-31 23:13:57,781 - ldapbatch - INFO - Processing user: belimele, extension: 7844101665, external: None
2026-01-31 23:14:11,804 - ldapbatch - INFO - LDAP update for belimele: Success
2026-01-31 23:14:11,806 - ldapbatch - INFO - Processing user: cfriedle, extension: 7844101666, external: None
2026-01-31 23:14:26,115 - ldapbatch - INFO - LDAP update for cfriedle: Success
2026-01-31 23:14:26,116 - ldapbatch - INFO - Processing user: eaharons, extension: 7844101667, external: None
2026-01-31 23:14:40,197 - ldapbatch - INFO - LDAP update for eaharons: Success
2026-01-31 23:14:40,198 - ldapbatch - INFO - Processing user: iyamin, extension: 7844101668, external: None
2026-01-31 23:14:58,393 - ldapbatch - INFO - LDAP update for iyamin: Success
2026-01-31 23:14:58,396 - ldapbatch - INFO - Processing user: stidhar, extension: 7844101669, external: None
2026-01-31 23:15:09,548 - ldapbatch - INFO - LDAP update for stidhar: Success
2026-01-31 23:15:09,549 - ldapbatch - INFO - Processing user: ylifshit, extension: 7844101670, external: None
2026-01-31 23:15:23,461 - ldapbatch - INFO - LDAP update for ylifshit: Success
2026-01-31 23:15:23,463 - ldapbatch - INFO - Processing user: babazak, extension: 7844101671, external: None
2026-01-31 23:15:37,572 - ldapbatch - INFO - LDAP update for babazak: Success
2026-01-31 23:15:37,576 - ldapbatch - INFO - Processing user: ecirt, extension: 7844101672, external: None
2026-01-31 23:15:57,805 - ldapbatch - INFO - LDAP update for ecirt: Success
2026-01-31 23:15:57,806 - ldapbatch - INFO - Processing user: aelmakia, extension: 7844101673, external: None
2026-01-31 23:16:11,574 - ldapbatch - INFO - LDAP update for aelmakia: Success
2026-01-31 23:16:11,576 - ldapbatch - INFO - Processing user: damsalem, extension: 7844101675, external: None
2026-01-31 23:16:24,519 - ldapbatch - INFO - LDAP update for damsalem: Success
2026-01-31 23:16:24,520 - ldapbatch - INFO - Processing user: anaveh, extension: 7844101676, external: None
2026-01-31 23:16:37,245 - ldapbatch - INFO - LDAP update for anaveh: Success
2026-01-31 23:16:37,248 - ldapbatch - INFO - Processing user: egrammel, extension: 7844101677, external: None
2026-01-31 23:16:48,198 - ldapbatch - INFO - LDAP update for egrammel: Success
2026-01-31 23:16:48,199 - ldapbatch - INFO - Processing user: apotapen, extension: 7844101678, external: None
2026-01-31 23:17:00,483 - ldapbatch - INFO - LDAP update for apotapen: Success
2026-01-31 23:17:00,484 - ldapbatch - INFO - Processing user: sitzhaki, extension: 7844101679, external: None
2026-01-31 23:17:13,217 - ldapbatch - INFO - LDAP update for sitzhaki: Success
2026-01-31 23:17:13,220 - ldapbatch - INFO - Processing user: ygez, extension: 7844101682, external: None
2026-01-31 23:17:23,126 - ldapbatch - INFO - LDAP update for ygez: Success
2026-01-31 23:17:23,131 - ldapbatch - INFO - Processing user: mmassard, extension: 7841101084, external: None
2026-01-31 23:17:35,840 - ldapbatch - INFO - LDAP update for mmassard: Success
2026-01-31 23:17:35,841 - ldapbatch - INFO - Processing user: sbachar, extension: 7844101690, external: None
2026-01-31 23:17:48,120 - ldapbatch - INFO - LDAP update for sbachar: Success
2026-01-31 23:17:48,122 - ldapbatch - INFO - Processing user: tdaar, extension: 7844101696, external: None
2026-01-31 23:18:03,650 - ldapbatch - INFO - LDAP update for tdaar: Success
2026-01-31 23:18:03,652 - ldapbatch - INFO - Processing user: istein, extension: 7844101697, external: None
2026-01-31 23:18:18,923 - ldapbatch - INFO - LDAP update for istein: Success
2026-01-31 23:18:18,924 - ldapbatch - INFO - Processing user: mponec, extension: 7832101001, external: None
2026-01-31 23:18:32,227 - ldapbatch - INFO - LDAP update for mponec: Success
2026-01-31 23:18:32,230 - ldapbatch - INFO - Processing user: sslusny, extension: 7832101002, external: None
2026-01-31 23:18:47,157 - ldapbatch - INFO - LDAP update for sslusny: Success
2026-01-31 23:18:47,160 - ldapbatch - INFO - Processing user: mhorcick, extension: 7832101003, external: None
2026-01-31 23:18:59,119 - ldapbatch - INFO - LDAP update for mhorcick: Success
2026-01-31 23:18:59,119 - ldapbatch - INFO - Processing user: omacek, extension: 7832101004, external: None
2026-01-31 23:19:10,409 - ldapbatch - INFO - LDAP update for omacek: Success
2026-01-31 23:19:10,410 - ldapbatch - INFO - Processing user: adomian, extension: 7832101006, external: None
2026-01-31 23:19:23,316 - ldapbatch - INFO - LDAP update for adomian: Success
2026-01-31 23:19:23,317 - ldapbatch - INFO - Processing user: psalinge, extension: 7832101007, external: None
2026-01-31 23:19:35,009 - ldapbatch - INFO - LDAP update for psalinge: Success
2026-01-31 23:19:35,010 - ldapbatch - INFO - Processing user: okunc, extension: 7832101008, external: None
2026-01-31 23:19:48,067 - ldapbatch - INFO - LDAP update for okunc: Success
2026-01-31 23:19:48,068 - ldapbatch - INFO - Processing user: jhajas, extension: 7832101009, external: None
2026-01-31 23:19:58,134 - ldapbatch - INFO - LDAP update for jhajas: Success
2026-01-31 23:19:58,137 - ldapbatch - INFO - Processing user: njenning, extension: 7832101010, external: None
2026-01-31 23:20:10,285 - ldapbatch - INFO - LDAP update for njenning: Success
2026-01-31 23:20:10,287 - ldapbatch - INFO - Processing user: jcihlar, extension: 7832101011, external: None
2026-01-31 23:20:22,764 - ldapbatch - INFO - LDAP update for jcihlar: Success
2026-01-31 23:20:22,766 - ldapbatch - INFO - Processing user: cbebbing, extension: 7832101012, external: None
2026-01-31 23:20:34,837 - ldapbatch - INFO - LDAP update for cbebbing: Success
2026-01-31 23:20:34,838 - ldapbatch - INFO - Processing user: mlachman, extension: 7832101013, external: None
2026-01-31 23:20:47,863 - ldapbatch - INFO - LDAP update for mlachman: Success
2026-01-31 23:20:47,865 - ldapbatch - INFO - Processing user: omartine, extension: 7832101014, external: None
2026-01-31 23:20:58,266 - ldapbatch - INFO - LDAP update for omartine: Success
2026-01-31 23:20:58,267 - ldapbatch - INFO - Processing user: mvranek, extension: 7832101015, external: None
2026-01-31 23:21:09,511 - ldapbatch - INFO - LDAP update for mvranek: Success
2026-01-31 23:21:09,512 - ldapbatch - INFO - Processing user: apilny, extension: 7832101016, external: None
2026-01-31 23:21:19,688 - ldapbatch - INFO - LDAP update for apilny: Success
2026-01-31 23:21:19,690 - ldapbatch - INFO - Processing user: mmichali, extension: 7832101017, external: None
2026-01-31 23:21:29,479 - ldapbatch - INFO - LDAP update for mmichali: Success
2026-01-31 23:21:29,480 - ldapbatch - INFO - Processing user: plavicka, extension: 7832101018, external: None
2026-01-31 23:21:39,848 - ldapbatch - INFO - LDAP update for plavicka: Success
2026-01-31 23:21:39,849 - ldapbatch - INFO - Processing user: avlasov, extension: 7832101019, external: None
2026-01-31 23:21:50,782 - ldapbatch - INFO - LDAP update for avlasov: Success
2026-01-31 23:21:50,785 - ldapbatch - INFO - Processing user: jsakalos, extension: 7832101020, external: None
2026-01-31 23:22:01,024 - ldapbatch - INFO - LDAP update for jsakalos: Success
2026-01-31 23:22:01,024 - ldapbatch - INFO - Processing user: jkontrik, extension: 7832101021, external: None
2026-01-31 23:22:15,081 - ldapbatch - INFO - LDAP update for jkontrik: Success
2026-01-31 23:22:15,083 - ldapbatch - INFO - Processing user: mracek, extension: 7832101022, external: None
2026-01-31 23:22:25,688 - ldapbatch - INFO - LDAP update for mracek: Success
2026-01-31 23:22:25,690 - ldapbatch - INFO - Processing user: jmackovi, extension: 7832101023, external: None
2026-01-31 23:22:35,966 - ldapbatch - INFO - LDAP update for jmackovi: Success
2026-01-31 23:22:35,967 - ldapbatch - INFO - Processing user: jkoutny, extension: 7832101024, external: None
2026-01-31 23:22:45,962 - ldapbatch - INFO - LDAP update for jkoutny: Success
2026-01-31 23:22:45,963 - ldapbatch - INFO - Processing user: mjurosz, extension: 7832101025, external: None
2026-01-31 23:22:56,757 - ldapbatch - INFO - LDAP update for mjurosz: Success
2026-01-31 23:22:56,757 - ldapbatch - INFO - Processing user: mganisin, extension: 7832101026, external: None
2026-01-31 23:23:07,374 - ldapbatch - INFO - LDAP update for mganisin: Success
2026-01-31 23:23:07,376 - ldapbatch - INFO - Processing user: mkovarik, extension: 7832101027, external: None
2026-01-31 23:23:20,652 - ldapbatch - INFO - LDAP update for mkovarik: Success
2026-01-31 23:23:20,653 - ldapbatch - INFO - Processing user: jdrozdz, extension: 7832101028, external: None
2026-01-31 23:23:32,350 - ldapbatch - INFO - LDAP update for jdrozdz: Success
2026-01-31 23:23:32,351 - ldapbatch - INFO - Processing user: sdomansk, extension: 7832101029, external: None
2026-01-31 23:23:42,355 - ldapbatch - INFO - LDAP update for sdomansk: Success
2026-01-31 23:23:42,356 - ldapbatch - INFO - Processing user: mgajdos, extension: 7832101030, external: None
2026-01-31 23:23:52,084 - ldapbatch - INFO - LDAP update for mgajdos: Success
2026-01-31 23:23:52,085 - ldapbatch - INFO - Processing user: fcap, extension: 7832101031, external: None
2026-01-31 23:24:04,583 - ldapbatch - INFO - LDAP update for fcap: Success
2026-01-31 23:24:04,584 - ldapbatch - INFO - Processing user: slukasik, extension: 7832101032, external: None
2026-01-31 23:24:16,808 - ldapbatch - INFO - LDAP update for slukasik: Success
2026-01-31 23:24:16,810 - ldapbatch - INFO - Processing user: rzajic, extension: 7832101033, external: None
2026-01-31 23:24:27,991 - ldapbatch - INFO - LDAP update for rzajic: Success
2026-01-31 23:24:27,992 - ldapbatch - INFO - Batch LDAP update completed for file: ldapupdate.csv
